code,name,level,ward
thcslehongphong-condao,Trường THCS Lê Hồng Phong,thcs,dackhucondao
mn8q5,Mầm non 8,mn,phuongandong
mn9q5,Mầm non 9,mn,phuongandong
mnhoangyenq5,Mầm non Hoàng Yến,mn,phuongandong
mnsoncaq5,Mầm non Sơn Ca,mn,phuongandong
thchuongduongq5,Tiểu Học Chương Dương,th,phuongandong
thhuynhkienhoa,Tiểu Học Huỳnh Kiến Hoa,th,phuongandong
thhuynhmandat,Tiểu Học Huỳnh Mẫn Đạt,th,phuongandong
thphamhongthai,Tiểu Học Phạm Hồng Thái,th,phuongandong
thtranquoctoanq5,Tiểu Học Trần Quốc Toản,th,phuongandong
thcskimdong,THCS Kim Đồng,thcs,phuongandong
mnhoangyengovap,Mầm non Hoàng Yến,mn,phuonganhoidong
mnhoasengovap,Mầm non Hoa Sen,mn,phuonganhoidong
mnmaivanggovap,MN Mai Vàng,mn,phuonganhoidong
mnngoclangovap,Mầm non Ngọc Lan,mn,phuonganhoidong
mnsenhonggovap,Mầm non Sen Hồng,mn,phuonganhoidong
thleductho,TH Lê Đức Thọ,th,phuonganhoidong
thlehoan,Tiểu Học Lê Hoàn,th,phuonganhoidong
thlethihonggamgovap,Tiểu Học Lê Thị Hồng Gấm,th,phuonganhoidong
thlevanthogv,TH Lê Văn Thọ,th,phuonganhoidong
thphanchutrinhgovap,Trường Tiểu học Phan Chu Trinh,th,phuonganhoidong
thvothisaugovap,Tiểu Học Võ Thị Sáu,th,phuonganhoidong
thcslytutrong,THCS Lý Tự Trọng,thcs,phuonganhoidong
thcsnguyentraigovap,THCS Nguyễn Trãi,thcs,phuonganhoidong
thcsphantayho,THCS Phan Tây Hồ,thcs,phuonganhoidong
mnhuongduonggovap,Mầm non Hướng Dương,mn,phuonganhoitay
mnsocnaugovap,Mầm non Sóc Nâu,mn,phuonganhoitay
thdangthuytram-anhoitay,Tiểu học Đặng Thùy Trâm,th,phuonganhoitay
thlamsongovap,Tiểu Học Lam Sơn,th,phuonganhoitay
thlequydongovap,Tiểu Học Lê Quý Đôn,th,phuonganhoitay
thcshuynhvannghegovap,THCS Huỳnh Văn Nghệ,thcs,phuonganhoitay
thcstanson,THCS Tân Sơn,thcs,phuonganhoitay
mn19thang5q2,Mầm non 19-5 Quận 2,mn,phuongankhanh
mnanbinh,Mầm non An Bình - TP. Thủ Đức,mn,phuongankhanh
mnankhanhtd,Trường Mầm non An Khánh,mn,phuongankhanh
mnbinhanq2,Mầm non Bình An,mn,phuongankhanh
mnthaodien,Mầm non Thảo Điền,mn,phuongankhanh
thanbinh,Trường Tiểu học An Bình,th,phuongankhanh
thankhanh,Trường Tiểu học An Khánh,th,phuongankhanh
thhuynhvanngoi,Tiểu Học Huỳnh Văn Ngỡi,th,phuongankhanh
thnguyenthitu,TIỂU HỌC NGUYỄN THỊ TƯ,th,phuongankhanh
muaxuanhungdongaurora,Trường Mùa Xuân Aurora,thcs,phuongankhanh
thcsanphuq2,THCS An Phú - Quận 2,thcs,phuongankhanh
thcsbinhanq2,THCS Bình An,thcs,phuongankhanh
mn19thang5binhtan,Mầm non 19 tháng 5,mn,phuonganlac
mn20-10,MN 20-10,mn,phuonganlac
mndalyhuong,Mầm non Dạ Lý Hương,mn,phuonganlac
mndalyhuong-phanhieu,Mầm non Dạ Lý Hương Phân Hiệu,mn,phuonganlac
mnhoadao,Mầm non Hoa Đào,mn,phuonganlac
mnhoahongbinhtan,Mầm non Hoa Hồng,mn,phuonganlac
mnhoanganhbinhtan,Mầm non Hoàng Anh,mn,phuonganlac
mnhuongsenbinhtan,Mầm non Hương Sen,mn,phuonganlac
thietmoclanbta,Mầm non Thiết Mộc Lan,mn,phuonganlac
thanlac1,Tiểu Học An Lạc 1,th,phuonganlac
thanlac2,Tiểu Học An Lạc 2,th,phuonganlac
thanlac3,Tiểu Học An Lạc 3,th,phuonganlac
thbinhtri2,Tiểu Học Bình Trị 2,th,phuonganlac
thbuihuunghia,Tiểu học Bùi Hữu Nghĩa,th,phuonganlac
thdinhcongtrangbt,Tiểu học Đinh Công Tráng,th,phuonganlac
thlecongphep,Tiểu Học Lê Công Phép,th,phuonganlac
thluongthevinhbt,Tiểu học Lương Thế Vinh,th,phuonganlac
thcsanlac,THCS An Lạc,thcs,phuonganlac
thcsbinhtan,THCS Bình Tân,thcs,phuonganlac
thcsbinhtridongbbt,THCS Bình Trị Đông B,thcs,phuonganlac
thcsletanbe,THCS Lê Tấn Bê,thcs,phuonganlac
hoatramy3q8,TRƯỜNG MẦM NON HOA TRÀ MY 3.,mn,phuongannhon
mnannhon,Mầm non An Nhơn,mn,phuongannhon
mnbethongminhq8,Mầm non Bé Thông Minh,mn,phuongannhon
mnbinhthuanq8,Mầm non Bình Thuận,mn,phuongannhon
mnhoamigovap,Mầm non Họa Mi,mn,phuongannhon
mnhoaphuongdogovap,Mầm non Hoa Phượng Đỏ,mn,phuongannhon
thhoangvanthugovap,Tiểu học Hoàng Văn Thụ,th,phuongannhon
thnguyenvietxuangovap,Tiểu Học Nguyễn Viết Xuân,th,phuongannhon
thcsannhon,THCS An Nhơn,thcs,phuongannhon
thcsnguyenvannghi,THCS Nguyễn Văn Nghi,thcs,phuongannhon
thanphu2-anphu,Trường Tiểu học An Phú 2,th,phuonganphu
thanphu3,Trường Tiểu học An Phú 3,th,phuonganphu
thlethitrung,Trường Tiểu học Lê Thị Trung,th,phuonganphu
thtuyan-anphu,Trường Tiểu học Tuy An,th,phuonganphu
tieuhocanphu,Trường Tiểu học An Phú,th,phuonganphu
mgbongsen,Trường Mầm non Bông Sen,mn,phuonganphudong
mn1thang4q12,Mầm non 1 tháng 4,mn,phuonganphudong
mnbonghongq12,Mầm non Bông Hồng,mn,phuonganphudong
mnsonca8q12,Mầm non Sơn Ca 8,mn,phuonganphudong
thhahuygiap,Tiểu Học Hà Huy Giáp,th,phuonganphudong
thphamvanchieu,Tiểu Học Phạm Văn Chiêu,th,phuonganphudong
thvothithua,Tiểu học Võ Thị Thừa,th,phuonganphudong
thcsanphudong,THCS An Phú Đông,thcs,phuonganphudong
thcstranhungdao,THCS Trần Hưng Đạo,thcs,phuonganphudong
mn1q3,Mầm non 1,mn,phuongbanco
mn2q3,Mầm non 2,mn,phuongbanco
mn3q3,Mầm Non 3,mn,phuongbanco
mn4q3,Mầm non 4,mn,phuongbanco
mn5q3,Mầm non 5,mn,phuongbanco
thluongdinhcua,Tiểu Học Lương Định Của,th,phuongbanco
thnguyensonha,Tiểu Học Nguyễn Sơn Hà,th,phuongbanco
thnguyenthienthuatq3,Tiểu Học Nguyễn Thiện Thuật,th,phuongbanco
thphanvanhan,Tiểu Học Phan Văn Hân,th,phuongbanco
thspphandinhphung,Tiểu Học THSP Phan Đình Phùng,th,phuongbanco
thcsbanco,THCS Bàn Cờ,thcs,phuongbanco
thcskienthiet,THCS Kiến Thiết,thcs,phuongbanco
thcsphansaonam,THCS Phan Sào Nam,thcs,phuongbanco
thcsthanglong,THCS Thăng Long,thcs,phuongbanco
mghuonghong,Mầm non Hương Hồng,mn,phuongbayhien
mn10atanbinh,Mầm non 10A,mn,phuongbayhien
mn10tanbinh,Mầm non 10,mn,phuongbayhien
mn11tanbinh,Mầm non 11,mn,phuongbayhien
mn12tanbinh,Mầm non 12,mn,phuongbayhien
mnhoamitanbinh,Mầm non Họa Mi,mn,phuongbayhien
mnphuhoa,Mầm non Phú Hòa,mn,phuongbayhien
thcachmangthangtam,Tiểu Học Cách Mạng Tháng Tám,th,phuongbayhien
thlaclongquantanbinh,Tiểu Học Lạc Long Quân,th,phuongbayhien
thlethihonggamtanbinh,Tiểu Học Lê Thị Hồng Gấm,th,phuongbayhien
thnguyenkhuyentanbinh,Tiểu Học Nguyễn Khuyến,th,phuongbayhien
thnguyenvantroitanbinh,Tiểu Học Nguyễn Văn Trỗi,th,phuongbayhien
thphuthohoa,Tiểu Học Phú Thọ Hoà,th,phuongbayhien
thtranquoctuan,Tiểu Học Trần Quốc Tuấn,th,phuongbayhien
thcsngoquyentanbinh,THCS Ngô Quyền,thcs,phuongbayhien
thcstranvanquang,THCS Trần Văn Quang,thcs,phuongbayhien
thcstruongchinh,THCS Trường Chinh,thcs,phuongbayhien
thcsvovantan,THCS Võ Văn Tần,thcs,phuongbayhien
thcslaihungbc,Trường THCS Lai Hưng,thcs,phuongbencat
mnbenthanh,Mầm non Bến Thành,mn,phuongbenthanh
mnnguyenthaibinh,Mầm non Nguyễn Thái Bình,mn,phuongbenthanh
mnphamngulao,Trường Mầm Non Phạm Ngũ Lão,mn,phuongbenthanh
mntuoihong-benthanh,Mầm non Tuổi Hồng,mn,phuongbenthanh
mntuoitho,Mầm non Tuổi Thơ,mn,phuongbenthanh
thketdoan,Tiểu Học Kết Đoàn,th,phuongbenthanh
thkhaiminh,Tiểu Học Khai Minh,th,phuongbenthanh
thlengochan,Tiểu Học Lê Ngọc Hân,th,phuongbenthanh
thnguyenhueq1,Tiểu Học Nguyễn Huệ,th,phuongbenthanh
thnguyenthaibinhq1,Tiểu Học Nguyễn Thái Bình,th,phuongbenthanh
thnguyenthaihoc,Tiểu Học Nguyễn Thái Học,th,phuongbenthanh
thcsdongkhoi-benthanh,THCS Đồng Khởi,thcs,phuongbenthanh
thcsnguyenduq1,THCS Nguyễn Du Q.1,thcs,phuongbenthanh
mamnonbinhco,Mầm non Bình Cơ,mn,phuongbinhco
tieuhocbinhmy,Trường Tiểu học Bình Mỹ,th,phuongbinhco
thcshoinghia,Trường THCS Hội Nghĩa,thcs,phuongbinhco
lopmamnon-binhdong,Lớp Mầm non Phường Bình Đông,mn,phuongbinhdong
mn19thang5q8,Mầm non 19-5,mn,phuongbinhdong
mnsaomaiq8,Mầm non Sao Mai,mn,phuongbinhdong
mnthongocq8,Mầm non Thỏ Ngọc,mn,phuongbinhdong
mntuoingocq8,Mầm non Tuổi Ngọc,mn,phuongbinhdong
mntuoithoq8,Mầm non Tuổi Thơ,mn,phuongbinhdong
thanphong,Tiểu Học An Phong,th,phuongbinhdong
thbongsao,Tiểu Học Bông Sao,th,phuongbinhdong
thbuiminhtruc,Tiểu Học Bùi Minh Trực,th,phuongbinhdong
thhoangminhdao,Tiểu Học Hoàng Minh Đạo,th,phuongbinhdong
thnguyentrungngan,Tiểu Học Nguyễn Trung Ngạn,th,phuongbinhdong
thphandangluu,Tiểu Học Phan Đăng Lưu,th,phuongbinhdong
thcsbinhanq8,THCS Bình An,thcs,phuongbinhdong
thcsphandangluu,THCS Phan Đăng Lưu,thcs,phuongbinhdong
thcsphuloi,THCS Phú Lợi,thcs,phuongbinhdong
thcssuongnguyetanhq8,THCS Sương Nguyệt Anh,thcs,phuongbinhdong
thcsphuchanh,Trường THCS Phú Chánh,thcs,phuongbinhduong
thbinhhoa2-binhhoa,TH Bình Hòa 2,th,phuongbinhhoa
mnanhmai,Mầm non Ánh Mai,mn,phuongbinhhunghoa
mndoquyen,MN Đỗ Quyên,mn,phuongbinhhunghoa
mnhoaphuongvy,MN Hoa Phượng Vỹ,mn,phuongbinhhunghoa
mnnguyetque,Mầm non Nguyệt Quế,mn,phuongbinhhunghoa
trucdaobta,Mầm non Trúc Đào,mn,phuongbinhhunghoa
tuoihoabta,Mầm non Tuổi Hoa,mn,phuongbinhhunghoa
thbinhhunghoa,Tiểu Học Bình Hưng Hòa,th,phuongbinhhunghoa
thbinhlong,Tiểu Học Bình Long,th,phuongbinhhunghoa
thbinhthuan,Tiểu học Bình Thuận,th,phuongbinhhunghoa
thhuynhthuckhangbt,Tiểu học Huỳnh Thúc Kháng,th,phuongbinhhunghoa
thlachong,Tiểu học Lạc Hồng,th,phuongbinhhunghoa
thlehuutrac,Trường Tiểu học Lê Hữu Trác,th,phuongbinhhunghoa
thletrongtan,Tiểu Học Lê Trọng Tấn,th,phuongbinhhunghoa
thphudongbinhtan,Tiểu Học Phù Đổng,th,phuongbinhhunghoa
thtrandainghia,Tiểu học Trần Đại Nghĩa,th,phuongbinhhunghoa
thtrieuquangphuc,Tiểu học Triệu Quang Phục,th,phuongbinhhunghoa
thcslaclongquan,THCS Lạc Long Quân,thcs,phuongbinhhunghoa
thcsnguyentraibinhtan,THCS Nguyễn Trãi,thcs,phuongbinhhunghoa
thcstranquoctoanbinhtan,THCS Trần Quốc Toản,thcs,phuongbinhhunghoa
mgbonghongbinhthanh,Mẫu Giáo Bông Hồng,mn,phuongbinhloitrung
mghoaanhdao,Mẫu Giáo Hoa Anh Đào,mn,phuongbinhloitrung
mgthienthan,Mẫu giáo Thiên Thần,mn,phuongbinhloitrung
mn11abinhthanh,Mầm non 11A,mn,phuongbinhloitrung
mn11bbinhthanh,Mầm non 11B,mn,phuongbinhloitrung
mn13binhthanh,Mầm non 13,mn,phuongbinhloitrung
mn5binhthanh,Mầm non 5,mn,phuongbinhloitrung
mn6binhthanh,Mầm non 6,mn,phuongbinhloitrung
mnmailinh,Mầm non tư thục Mai Linh,mn,phuongbinhloitrung
mnngoilangvuive,Trường Mầm non Ngôi Làng Vui Vẻ,mn,phuongbinhloitrung
thbinhloitrung,Tiểu học Bình Lợi Trung,th,phuongbinhloitrung
thnguyenbangocbinhthanh,Tiểu Học Nguyễn Bá Ngọc,th,phuongbinhloitrung
thphanvantribinhthanh,Tiểu Học Phan Văn Trị,th,phuongbinhloitrung
thyenthebinhthanh,Tiểu Học Yên Thế,th,phuongbinhloitrung
thcsbcyenthe,THCS Yên Thế,thcs,phuongbinhloitrung
thcsbinhloitrung,THCS Bình Lợi Trung,thcs,phuongbinhloitrung
thcsnguyenvanbe,THCS Nguyễn Văn Bé,thcs,phuongbinhloitrung
mncobonlaq6,Mầm non Cỏ Bốn Lá – Quận 6,mn,phuongbinhphu
mnmycat,Mầm non Mỹ Cát,mn,phuongbinhphu
mnrangdong10,Mầm non Rạng Đông 10,mn,phuongbinhphu
mnrangdong11,Mầm non Rạng Đông 11,mn,phuongbinhphu
mnrangdong11a,Mầm non Rạng Đông 11A,mn,phuongbinhphu
mnrangdongq6,Trường Mầm non Rạng Đông Quận,mn,phuongbinhphu
thnguyenvanluong,Tiểu Học Nguyễn Văn Luông,th,phuongbinhphu
thphudinh,Tiểu Học Phú Định,th,phuongbinhphu
thphudongq6,Tiểu Học Phù Đổng,th,phuongbinhphu
thcslamsonq6,THCS Lam Sơn,thcs,phuongbinhphu
thcsnguyenthaibinhq6,THCS Nguyễn Thái Bình,thcs,phuongbinhphu
thcsnguyenvanluong,THCS Nguyễn Văn Luông,thcs,phuongbinhphu
thcsphudinh,THCS Phú Định,thcs,phuongbinhphu
hoatramy4q8,Mầm non Hoa Trà My 4,mn,phuongbinhquoi
mn27binhthanh,Mầm non 27,mn,phuongbinhquoi
mn28binhthanh,Mầm non 28,mn,phuongbinhquoi
mnhoaanhdao,Mầm non Hoa Anh Đào,mn,phuongbinhquoi
mnhoangmai1,Trường Mầm Non Hoàng Mai I,mn,phuongbinhquoi
mnmaithon,Mầm non tư thục Mai Thôn,mn,phuongbinhquoi
mnngayvui,Trường Mầm non Ngày Vui - Happy Day Kindergarten,mn,phuongbinhquoi
thbinhquoitay1,Tiểu Học Bình Quới Tây,th,phuongbinhquoi
ththanhda,Tiểu Học Thanh Đa,th,phuongbinhquoi
thcsbccuchinhlan,THCS Cù Chính Lan,thcs,phuongbinhquoi
thcsbinhquoitay,THCS Bình Quới Tây,thcs,phuongbinhquoi
thcsthanhda,THCS Thanh Đa,thcs,phuongbinhquoi
1thang6bta,Mầm non 1 Tháng 6,mn,phuongbinhtan
mn30thang4-bt,Mầm Non 30 - 4,mn,phuongbinhtan
mnhoaphuongbinhtan,Mầm non Hoa Phượng,mn,phuongbinhtan
mnsenhongbinhtan,Mầm non Sen Hồng,mn,phuongbinhtan
thhoangvanthubt,Tiểu học Hoàng Văn Thụ,th,phuongbinhtan
thkimdongbinhtan,Tiểu Học Kim Đồng,th,phuongbinhtan
thngoquyen,Tiểu Học Ngô Quyền,th,phuongbinhtan
thtrancaovanbinhtan,Trường Tiểu học Trần Cao Vân,th,phuongbinhtan
thtrancaovanbt,Tiểu học Trần Cao Vân,th,phuongbinhtan
thtranvanonbinhtan,Tiểu Học Trần Văn Ơn,th,phuongbinhtan
thcsbinhhunghoa,THCS Bình Hưng Hòa,thcs,phuongbinhtan
thcshovanlong,THCS Hồ Văn Long,thcs,phuongbinhtan
thcshuynhvannghebinhtan,THCS Huỳnh Văn Nghệ,thcs,phuongbinhtan
thcslengochan,THCS Lê Ngọc Hân,thcs,phuongbinhtan
thcstantao,THCS Tân Tạo,thcs,phuongbinhtan
mnrangdong2,Mầm non Rạng Đông 2,mn,phuongbinhtay
mnrangdong5,Mầm non Rạng Đông 5,mn,phuongbinhtay
mnrangdong5a,Mầm non Rạng Đông 5A,mn,phuongbinhtay
mnrangdong6,Mầm non Rạng Đông 6,mn,phuongbinhtay
mnrangdong9,Mầm non Rạng Đông 9,mn,phuongbinhtay
thbinhtien,Tiểu Học Bình Tiên,th,phuongbinhtay
thchauvanliem,Tiểu Học Châu Văn Liêm,th,phuongbinhtay
thchilangphuongbinhtay,Trường Tiểu học Chi Lăng,th,phuongbinhtay
thchilangq6,Tiểu Học Chi Lăng,th,phuongbinhtay
thlevantamq6,Tiểu Học Lê Văn Tám,th,phuongbinhtay
thnguyenthienthuatq6,Tiểu Học Nguyễn Thiện Thuật,th,phuongbinhtay
thvovantanq6,Tiểu Học Võ Văn Tần,th,phuongbinhtay
thcshaugiang,THCS Hậu Giang,thcs,phuongbinhtay
thcshoanglekha,THCS Hoàng Lê Kha,thcs,phuongbinhtay
thcsnguyenduccanh,THCS Nguyễn Đức Cảnh,thcs,phuongbinhtay
mgvietanh,Mẫu Giáo Việt Anh,mn,phuongbinhthanh
mn12binhthanh,Mầm non 12,mn,phuongbinhthanh
mn14binhthanh,Mầm non 14,mn,phuongbinhthanh
mn24abinhthanh,Mầm non 24A,mn,phuongbinhthanh
mn24bbinhthanh,Mầm non 24B,mn,phuongbinhthanh
mn26binhthanh,Mầm non 26,mn,phuongbinhthanh
thbachdangbinhthanh,Tiểu Học Bạch Đằng,th,phuongbinhthanh
thbinhhoa,Tiểu Học Bình Hoà,th,phuongbinhthanh
thchuvanan,Tiểu Học Chu Văn An,th,phuongbinhthanh
thnguyendinhchieu,Tiểu Học Nguyễn Đình Chiểu,th,phuongbinhthanh
thtamvu,Tiểu Học Tầm Vu,th,phuongbinhthanh
thtranquangvinh,Tiểu Học Trần Quang Vinh,th,phuongbinhthanh
thcslevantam,THCS Lê Văn Tám,thcs,phuongbinhthanh
thcsrangdong,THCS Rạng Đông,thcs,phuongbinhthanh
mnbengoan-binhthoi,Mầm non Bé Ngoan,mn,phuongbinhthoi
mnhoamai-binhthoi,Trường Mầm non Hoa Mai,mn,phuongbinhthoi
mnhoasen-binhthoi,Mầm non Phường 3,mn,phuongbinhthoi
mntuoihong-binhthoi,Mầm non Quận 11,mn,phuongbinhthoi
mntuoingoc-binhthoi,Mầm non 9,mn,phuongbinhthoi
thhanhainguyen,Tiểu Học Hàn Hải Nguyên,th,phuongbinhthoi
thlaclongqq11,Tiểu Học Lạc Long Quân,th,phuongbinhthoi
thnguyenbangocq11,Tiểu Học Nguyễn Bá Ngọc,th,phuongbinhthoi
thphunghung,Tiểu Học Phùng Hưng,th,phuongbinhthoi
thvietmyq11,Tiểu Học Việt Mỹ,th,phuongbinhthoi
thcschuvananq11,THCS Chu Văn An,thcs,phuongbinhthoi
thcsnguyenvanphu,THCS Nguyễn Văn Phú,thcs,phuongbinhthoi
thcsvietmy,Trường Trung học Cơ sở Việt Mỹ,thcs,phuongbinhthoi
mnngoisao-binhtien,Mầm non Ngôi Sao,mn,phuongbinhtien
mnrangdong1,Mầm non Rạng Đông 1,mn,phuongbinhtien
mnrangdong3,Mầm non Rạng Đông 3,mn,phuongbinhtien
mnrangdong4,Mầm non Rạng Đông 4,mn,phuongbinhtien
mnrangdong7,Mầm non Rạng Đông 7,mn,phuongbinhtien
thhungvuongq6,Tiểu Học Hùng Vương,th,phuongbinhtien
thkimdongq6,Tiểu Học Kim Đồng,th,phuongbinhtien
thnguyenhueq6,Tiểu Học Nguyễn Huệ,th,phuongbinhtien
thnhattaoq6,Tiểu Học Nhật Tảo,th,phuongbinhtien
thphamvanchi,Tiểu Học Phạm Văn Chí,th,phuongbinhtien
thvinhxuyen,Tiểu Học Vĩnh Xuyên,th,phuongbinhtien
thcsbinhtay,THCS Bình Tây,thcs,phuongbinhtien
thcsphamdinhho,THCS Phạm Đình Hổ,thcs,phuongbinhtien
thcsvanthan,THCS Văn Thân,thcs,phuongbinhtien
lopmamnon-binhphu,Lớp Mầm non Phường Bình Phú,mn,phuongbinhtridong
mnbinhtridong,Mầm Non Bình Trị Đông,mn,phuongbinhtridong
mncamtu,Mầm non Cẩm Tú,mn,phuongbinhtridong
mnkhuvuontritue,Trường Mầm non Khu Vườn Trí Tuệ,mn,phuongbinhtridong
thbinhtri1,Tiểu Học Bình Trị 1,th,phuongbinhtridong
thbinhtridong,Tiểu Học Bình Trị Đông,th,phuongbinhtridong
thbinhtridonga,Tiểu Học Bình Trị Đông A,th,phuongbinhtridong
thnguyencongtrubt,Tiểu học Nguyễn Công Trứ,th,phuongbinhtridong
ththoaingochau,Tiểu học Thoại Ngọc Hầu,th,phuongbinhtridong
thtrannhantong,Tiểu học Trần Nhân Tông,th,phuongbinhtridong
thcsbinhtridong,THCS Bình Trị Đông,thcs,phuongbinhtridong
thcsbinhtridonga,THCS Bình Trị Đông A,thcs,phuongbinhtridong
thcslythuongkietbinhtan,THCS Lý Thường Kiệt,thcs,phuongbinhtridong
mncatlai,Mầm non Cát Lái,mn,phuongcatlai
mnhoahongq2,Mầm non Hoa Hồng 1,mn,phuongcatlai
mnhoasenq2,Mầm non Hoa Sen 1,mn,phuongcatlai
mnsonca-catlai,Mầm non Sơn Ca 1,mn,phuongcatlai
mnthanhmyloi,Mầm non Thạnh Mỹ Lợi,mn,phuongcatlai
theschooltml,TH E-School-Thạnh Mỹ Lợi,th,phuongcatlai
thluongthevinhq2,Tiểu Học Lương Thế Vinh,th,phuongcatlai
thmythuy,Tiểu Học Mỹ Thủy,th,phuongcatlai
ththanhmyloi,Tiểu Học Thạnh Mỹ Lợi,th,phuongcatlai
th-thcscatlai,TH-THCS Cát Lái,thcs,phuongcatlai
th-thcsthanhmyloi,Trường TH-THCS Thạnh Mỹ Lợi,thcs,phuongcatlai
thcsluongdinhcua,THCS Lương Định Của,thcs,phuongcatlai
thcsngoitruongemthanhmyloi,THCS Ngôi Trường Em Thạnh Mỹ Lợi,thcs,phuongcatlai
thcsnguyenthidinh,THCS Nguyễn Thị Định,thcs,phuongcatlai
mncaukieu,Trường Mầm non Cầu Kiệu,mn,phuongcaukieu
mnsonca7phunhuan,Mầm non Sơn Ca 7,mn,phuongcaukieu
thtrungnhat,Trường Tiểu học Trung Nhất,th,phuongcaukieu
thcsbcchauvanliem,THCS Châu Văn Liêm,thcs,phuongcaukieu
thcscaukieu,THCS Cầu Kiệu,thcs,phuongcaukieu
mn20thang10,Trường Mầm non 20/10,mn,phuongcauonglanh
mncogiang,Mầm non Cô Giang,mn,phuongcauonglanh
mnhoalanq1,Mầm non Hoa Lan,mn,phuongcauonglanh
mnnguyencutrinh,Mầm non Nguyễn Cư Trinh,mn,phuongcauonglanh
thchuongduongq1,Trường Tiểu học Chương Dương,th,phuongcauonglanh
thluongthevinhq1,Tiểu Học Lương Thế Vinh,th,phuongcauonglanh
thphanvantriq1,Tiểu Học Phan Văn Trị Quận 1,th,phuongcauonglanh
thtranhungdao,Tiểu Học Trần Hưng Đạo,th,phuongcauonglanh
thcschuvananq1,THCS Chu Văn An,thcs,phuongcauonglanh
thcsductriq1,THCS Đức Trí,thcs,phuongcauonglanh
thcsminhduc,THCS Minh Đức,thcs,phuongcauonglanh
lopmamnon-chanhhung,Lớp Mầm non Phường Chánh Hưng,mn,phuongchanhhung
mnbinhminhq8,MẦM NON BÌNH MINH,mn,phuongchanhhung
mnhoamai-chanhhung,Trường Mầm non Hoa Mai,mn,phuongchanhhung
mnnangmai,Mầm non Nắng Mai,mn,phuongchanhhung
mntuoihoaq8,Mầm non Tuổi Hoa,mn,phuongchanhhung
mnvanganhq8,Mầm non Vàng Anh,mn,phuongchanhhung
mnvanhkhuyenq8,Mầm non Vành Khuyên,mn,phuongchanhhung
mnvietnhi,Mầm non Việt Nhi,mn,phuongchanhhung
mnvuonhongq8,_____Trường Mầm non Vườn Hồng_____ Phường Chánh Hưng,mn,phuongchanhhung
thauduonglan,Tiểu Học Âu Dương Lân,th,phuongchanhhung
thhungphu,Tiểu Học Hưng Phú,th,phuongchanhhung
thkhainguyenq8,TH Khai Nguyên,th,phuongchanhhung
thlynhantong,Tiểu Học Lý Nhân Tông,th,phuongchanhhung
thnguyentrucq8,Tiểu Học Nguyễn Trực,th,phuongchanhhung
thrachong,Tiểu Học Rạch Ông,th,phuongchanhhung
ththaihung,Tiểu Học Thái Hưng,th,phuongchanhhung
thtrandanhlam,Tiểu Học Trần Danh Lâm,th,phuongchanhhung
thvamcodong,Tiểu Học Vàm Cỏ Đông,th,phuongchanhhung
thcschanhhung,THCS Chánh Hưng,thcs,phuongchanhhung
thcsduongbatrac,THCS Dương Bá Trạc,thcs,phuongchanhhung
thcskhainguyen,THCS Khai Nguyên,thcs,phuongchanhhung
thcskhanhbinh,THCS Khánh Bình,thcs,phuongchanhhung
thcslythanhtong,THCS Lý Thánh Tông,thcs,phuongchanhhung
thcstrandanhninh,THCS Trần Danh Ninh,thcs,phuongchanhhung
mghoami2q5,Mầm non Họa Mi 2,mn,phuongcholon
mgvanlang,Mẫu giáo Văn Lang,mn,phuongcholon
mn10q5,Mầm non 10,mn,phuongcholon
mn11q5,Mầm non 11,mn,phuongcholon
mn12q5,Mầm non 12,mn,phuongcholon
mn13q5,Mầm non 13,mn,phuongcholon
mn14bq5,Mầm non 14B,mn,phuongcholon
mnandiem,Mầm non An Điềm,mn,phuongcholon
mnhoami1q5,Mầm non Họa Mi 1,mn,phuongcholon
thchinhnghia,Tiểu Học Chính Nghĩa,th,phuongcholon
thhungvuongq5,Tiểu học Hùng Vương,th,phuongcholon
thledinhchinhq5,Tiểu Học Lê Đình Chinh,th,phuongcholon
thlycanhhon,Tiểu Học Lý Cảnh Hớn,th,phuongcholon
thminhdao,Tiểu Học Minh Đạo,th,phuongcholon
thnguyenduccanh,Tiểu Học Nguyễn Đức Cảnh,th,phuongcholon
thnguyenvietxuanq5,Tiểu Học Nguyễn Viết Xuân,th,phuongcholon
thcshongbang,THCS Hồng Bàng,thcs,phuongcholon
thcsmachkiemhung,THCS Mạch Kiếm Hùng,thcs,phuongcholon
thcstranboico,THCS Trần Bội Cơ,thcs,phuongcholon
mghoami3,Mầm non Họa Mi 3,mn,phuongchoquan
mn1-choquan,Mầm non 1,mn,phuongchoquan
mn3q5,Mầm non 3,mn,phuongchoquan
mnvanganh-choquan,Mầm non Vàng Anh,mn,phuongchoquan
mnvanhkhuyen,Mầm non Vành Khuyên,mn,phuongchoquan
thbausen,Tiểu Học Bàu Sen,th,phuongchoquan
thhamtu,Tiểu Học Hàm Tử,th,phuongchoquan
thlevantamq5,Tiểu Học Lê Văn Tám,th,phuongchoquan
thtranbinhtrong,Tiểu Học Trần Bình Trọng,th,phuongchoquan
thcsbadinh,THCS Ba Đình,thcs,phuongchoquan
mnhoahong6,Trường Mầm non Hoa Hồng 6,mn,phuongdian
thanbinhb,Trường Tiểu học An Bình B,th,phuongdian
thdian,Trường Tiểu học Dĩ An,th,phuongdian
thdianb,Trường Tiểu học Dĩ An B,th,phuongdian
thdianc,Tiểu học Dĩ An C,th,phuongdian
thlythuongkiet-dian,Trường Tiểu học Lý Thường Kiệt,th,phuongdian
thnhidong,Trường Tiểu học Nhị Đồng,th,phuongdian
thtandonghiepb,Trường Tiểu học Tân Đông Hiệp B,th,phuongdian
thcsanbinh-dian,Trường THCS An Bình,thcs,phuongdian
thcsdian,Trường THCS Dĩ An,thcs,phuongdian
thcstandonghiep,Trường THCS Tân Đông Hiệp,thcs,phuongdian
thcsvotruongtoan-dian,Trường THCS Võ Trường Toản,thcs,phuongdian
mn2thang9q10,Mầm non 2-9,mn,phuongdienhong
mnanhduong-dienhong,Mầm non Phường 6,mn,phuongdienhong
mnhaiau-dienhong,Mầm non Phường 8,mn,phuongdienhong
mnhoaanhdao-dienhong,Mầm non Hoa Anh Đào,mn,phuongdienhong
mnhoahuongduong-dienhong,Mầm non Phường 14,mn,phuongdienhong
mnmangnon2,Mầm non Măng Non II,mn,phuongdienhong
mnphuong5q10,Mầm non Phường 5,mn,phuongdienhong
thduongminhchauq10,Tiểu Học Dương Minh Châu,th,phuongdienhong
thledinhchinhq10,Tiểu học Lê Đình Chinh,th,phuongdienhong
thnguyenchithanh,Tiểu Học Nguyễn Chí Thanh,th,phuongdienhong
thtranvankieu,Tiểu Học Trần Văn Kiểu,th,phuongdienhong
thvotruongtoan,Tiểu Học Võ Trường Toản,th,phuongdienhong
thcsnguyentriphuongq10,THCS Nguyễn Tri Phương,thcs,phuongdienhong
thcsnguyenvanto,THCS Nguyễn Văn Tố,thcs,phuongdienhong
thbinhan,Trường Tiểu học Bình An,th,phuongdonghoa
thnguyenkhuyen,Trường Tiểu học Nguyễn Khuyến,th,phuongdonghoa
tieuhocdonghoa,Trường Tiểu học Đông Hòa,th,phuongdonghoa
thcsbinhan-donghoa,Trường THCS Bình An,thcs,phuongdonghoa
thcsbinhthang,Trường THCS Bình Thắng,thcs,phuongdonghoa
thcsdonghoa,Trường THCS Đông Hòa,thcs,phuongdonghoa
mamnonanhdao,Trường Mầm non Anh Đào,mn,phuongdonghungthuan
mgsonca1,Mẫu Giáo Sơn Ca 1,mn,phuongdonghungthuan
mnbengoanq12,Mầm non Bé Ngoan,mn,phuongdonghungthuan
mnngoclan,Mầm non Ngọc Lan,mn,phuongdonghungthuan
mnsonca3q12,Mầm non Sơn Ca 3,mn,phuongdonghungthuan
mnsonca7q12,Mầm non Sơn Ca 7,mn,phuongdonghungthuan
mnsoncaq12,Mầm non Sơn Ca,mn,phuongdonghungthuan
thlytutrong,Tiểu học Lý Tự Trọng,th,phuongdonghungthuan
thnguyenankhuongq12,TH Nguyễn An Khương,th,phuongdonghungthuan
thnguyendu,Tiểu Học Nguyễn Du,th,phuongdonghungthuan
thnguyenkhuyenq12,Tiểu Học Nguyễn Khuyến,th,phuongdonghungthuan
thnguyenthidinhq12,Tiểu Học Nguyễn Thị Định,th,phuongdonghungthuan
thnguyenthiminhkhaiq12,Tiểu Học Nguyễn Thị Minh Khai,th,phuongdonghungthuan
ththandong,Tiểu Học Thần Đồng,th,phuongdonghungthuan
ththuankieu,Tiểu Học Thuận Kiều,th,phuongdonghungthuan
thtranvanonq12,Tiểu Học Trần Văn Ơn,th,phuongdonghungthuan
thtruongdinhq12,Trường Tiểu học Trương Định,th,phuongdonghungthuan
thtueduc,Trường Tiểu học Tuệ Đức,th,phuongdonghungthuan
th-thcstainangtrechaua,Tiểu học – THCS Tài năng trẻ Châu Á,thcs,phuongdonghungthuan
thcshahuytapq12,THCS Hà Huy Tập,thcs,phuongdonghungthuan
thcsnguyenanhthu,THCS Nguyễn Ảnh Thủ,thcs,phuongdonghungthuan
thcsnguyenvinhnghiep,THCS Nguyễn Vĩnh Nghiệp,thcs,phuongdonghungthuan
thcsphanboichauq12,THCS Phan Bội Châu,thcs,phuongdonghungthuan
thcstranphuq12,THCS Trần Phú - Quận 12,thcs,phuongdonghungthuan
mghuongsen,Mẫu giáo Hương Sen,mn,phuongducnhuan
mgsonca5,Mẫu Giáo Sơn Ca 5,mn,phuongducnhuan
mnbcsonca9,Mầm non Sơn Ca 9,mn,phuongducnhuan
mnhoasuphunhuan,Mầm non tư thục Hoa Sứ,mn,phuongducnhuan
mnsonca4phunhuan,Mầm non Sơn Ca 4,mn,phuongducnhuan
mnsonca5phunhuan,TRƯỜNG MẦM NON SƠN CA 5,mn,phuongducnhuan
thcaobaquat,Tiểu Học Cao Bá Quát,th,phuongducnhuan
thcoloa,Tiểu Học Cổ Loa,th,phuongducnhuan
thhovanhue,Tiểu Học Hồ Văn Huê,th,phuongducnhuan
thsonglo,Tiểu Học Sông Lô,th,phuongducnhuan
thcsdoclap,THCS Độc Lập,thcs,phuongducnhuan
thcstranhuylieu,Trường THCS Trần Huy Liệu,thcs,phuongducnhuan
mn15bbinhthanh,Mầm non 15 B,mn,phuonggiadinh
mn15binhthanh,Mầm non 15,mn,phuonggiadinh
mn17binhthanh,Mầm non 17,mn,phuonggiadinh
mn1binhthanh,Mầm non 1,mn,phuonggiadinh
mn2binhthanh,Mầm non 2,mn,phuonggiadinh
mn3binhthanh,Mầm Non 3,mn,phuonggiadinh
mn7abinhthanh,Mầm non 7A,mn,phuonggiadinh
mn7bbinhthanh,Mầm non 7B,mn,phuonggiadinh
thbevandan,Tiểu Học Bế Văn Đàn,th,phuonggiadinh
thdaynuixanh,TIỂU HỌC DÃY NÚI XANH - BÌNH THẠNH,th,phuonggiadinh
thhahuytap,Tiểu Học Hà Huy Tập,th,phuonggiadinh
thhongha,Tiểu Học Hồng Hà,th,phuonggiadinh
thlamsonbinhthanh,Tiểu Học Lam Sơn,th,phuonggiadinh
thledinhchinhbinhthanh,Tiểu Học Lê Đình Chinh,th,phuonggiadinh
thtovinhdien,Tiểu Học Tô Vĩnh Diện,th,phuonggiadinh
thcsdienbien,THCS Điện Biên,thcs,phuonggiadinh
thcshahuytap,THCS Hà Huy Tập,thcs,phuonggiadinh
thcslamsonbinhthanh,THCS Lam Sơn,thcs,phuonggiadinh
thcstruongcongdinh,THCS Trương Công Định,thcs,phuonggiadinh
mnanhdaogovap,Mầm non Anh Đào,mn,phuonggovap
mnquynhhuonggovap,Mầm non Quỳnh Hương,mn,phuonggovap
mnthuytiengovap,Mầm non Thủy Tiên,mn,phuonggovap
thkimdonggovap,Tiểu Học Kim Đồng,th,phuonggovap
thtranquangkhaigovap,Tiểu Học Trần Quang Khải,th,phuonggovap
thcsquangtrunggovap,THCS Quang Trung,thcs,phuonggovap
mnhoahonggovap,Mầm non Hoa Hồng,mn,phuonghanhthong
mnhoalangovap,Mầm non Hoa Lan,mn,phuonghanhthong
mnhoaquynhgovap,Mầm non Hoa Quỳnh,mn,phuonghanhthong
mnhongnhung,Mầm non Hồng Nhung,mn,phuonghanhthong
mnnhatquynh,Mầm non Nhật Quỳnh,mn,phuonghanhthong
mnsoncagovap,Mầm non Sơn Ca,mn,phuonghanhthong
thhanhthong,Tiểu Học Hanh Thông,th,phuonghanhthong
thnguyenthuonghien,Tiểu học Nguyễn Thượng Hiền,th,phuonghanhthong
thphamngulao,Tiểu Học Phạm Ngũ Lão,th,phuonghanhthong
thtranquoctoangovap,Tiểu Học Trần Quốc Toản,th,phuonghanhthong
thtranvanongovap,Tiểu Học Trần Văn Ơn,th,phuonghanhthong
thcsgovap,THCS Gò Vấp,thcs,phuonghanhthong
thcsnguyenvantroigovap,THCS Nguyễn Văn Trỗi,thcs,phuonghanhthong
thcsphanvantri,THCS Phan Văn Trị,thcs,phuonghanhthong
thcstruongson,THCS Trường Sơn,thcs,phuonghanhthong
hoahongtd,Mầm non Hoa Hồng,mn,phuonghiepbinh
mnhiepbinh,Trường Mầm non Hiệp Bình,mn,phuonghiepbinh
mnhiepbinhchanh,Mầm non Hiệp Bình Chánh,mn,phuonghiepbinh
mnhiepbinhchanh2,Mầm non Hiệp Bình Chánh II,mn,phuonghiepbinh
mnhiepbinhchanh3,Mầm non Hiệp Bình Chánh III,mn,phuonghiepbinh
mnhiepbinhphuoc,Mầm non Hiệp Bình Phước,mn,phuonghiepbinh
mnhuetrangtd,Mầm Non Huệ Trắng,mn,phuonghiepbinh
mnhuongduong-td,Mầm non Hướng Dương,mn,phuonghiepbinh
mnhuongsenthuduc,Mầm non Hương Sen,mn,phuonghiepbinh
mnsoncathuduc,Mầm non Sơn Ca 3,mn,phuonghiepbinh
mnthienan3,Mầm non Thiên Ân 3,mn,phuonghiepbinh
mntrinhvuong,Mầm non Trinh Vương,mn,phuonghiepbinh
thbinhquoi,Tiểu Học Bình Quới,th,phuonghiepbinh
thbinhtrieu,Tiểu Học Bình Triệu,th,phuonghiepbinh
thdangthiranh,Tiểu Học Đặng Thị Rành,th,phuonghiepbinh
thdangvanbat,Tiểu Học Đặng Văn Bất,th,phuonghiepbinh
thdaosontay,Tiểu Học Đào Sơn Tây,th,phuonghiepbinh
thhiepbinhchanh,Tiểu Học Hiệp Bình Chánh,th,phuonghiepbinh
thhiepbinhphuoc,Tiểu Học Hiệp Bình Phước,th,phuonghiepbinh
thlinhdong,Tiểu học Linh Đông,th,phuonghiepbinh
thcshiepbinh,THCS Hiệp Bình,thcs,phuonghiepbinh
thcslinhdong,THCS Linh Đông,thcs,phuonghiepbinh
thcsngochiquoc,THCS Ngô Chí Quốc,thcs,phuonghiepbinh
mnhoabinh1,Mầm non 14,mn,phuonghoabinh
mnhoabinh2,Mầm non 5,mn,phuonghoabinh
thdaithanh,Tiểu Học Đại Thành,th,phuonghoabinh
thhoabinhq11,Trường Tiểu học Hòa Bình,th,phuonghoabinh
thtranvanonq11,Tiểu Học Trần Văn Ơn,th,phuonghoabinh
thcslequydonq11,THCS Lê Qúy Đôn,thcs,phuonghoabinh
thcsnguyenhueq11,THCS Nguyễn Huệ,thcs,phuonghoabinh
mn19thang5hoahung,Mầm non 19-5,mn,phuonghoahung
mnhoabinh-hoahung,"TRƯỜNG MẦM NON HÒA BÌNH, PHƯỜNG HÒA HƯNG",mn,phuonghoahung
mnhoasen-hoahung,Mầm non Phường 13,mn,phuonghoahung
mnmangnon1,Mầm non Măng non I,mn,phuonghoahung
mntuoitho-hoahung,MN Tuổi Thơ Hòa Hưng,mn,phuonghoahung
thbachai,Tiểu Học Bắc Hải,th,phuonghoahung
thlethirieng,Tiểu Học Lê Thị Riêng,th,phuonghoahung
ththienhoduong,Tiểu Học Thiên Hộ Dương,th,phuonghoahung
thtohienthanh,Tiểu Học Tô Hiến Thành,th,phuonghoahung
thtrieuthitrinh,TIỂU HỌC TRIỆU THỊ TRINH,th,phuonghoahung
thcscachmangthangtam,THCS Cách Mạng Tháng Tám,thcs,phuonghoahung
thcshoahungq10,THCS Hòa Hưng,thcs,phuonghoahung
thcslachongq10,THCS Lạc Hồng,thcs,phuonghoahung
thcstranphu,THCS Trần Phú,thcs,phuonghoahung
thdinhphuoc,Trường Tiểu học Định Phước,th,phuonghoaloi
mn10q4,Mầm Non 10 Quận 4,mn,phuongkhanhhoi
mn14q4,Mầm non 14 Quận 4,mn,phuongkhanhhoi
mn6q4,Mầm non 6 Quận 4,mn,phuongkhanhhoi
mn9q4,Mầm non 9 Quận 4,mn,phuongkhanhhoi
thdongdaq4,Tiểu Học Đống Đa,th,phuongkhanhhoi
thlynhonq4,Tiểu Học Lý Nhơn,th,phuongkhanhhoi
thnguyenvantroiq4,Tiểu Học Nguyễn Văn Trỗi,th,phuongkhanhhoi
thcschilang,THCS Chi Lăng,thcs,phuongkhanhhoi
mganhhong,Mẫu Giáo Ánh Hồng,mn,phuonglinhxuan
mnhoadaothuduc,Mầm non Hoa Đào,mn,phuonglinhxuan
mnhoangyen,Mầm non Hoàng Yến,mn,phuonglinhxuan
mnlinhtay,Mầm non Linh Tây,mn,phuonglinhxuan
mnlinhtrung,Mầm non Linh Trung,mn,phuonglinhxuan
mnlinhxuan,Mầm non Linh Xuân,mn,phuonglinhxuan
mnsaomaithuduc,Mầm non Sao Mai,mn,phuonglinhxuan
mnsenhongthuduc,Mầm non Sen Hồng,mn,phuonglinhxuan
thdotanphong,Tiểu Học Đỗ Tấn Phong,th,phuonglinhxuan
thhoangdieuthuduc,Tiểu Học Hoàng Diệu,th,phuonglinhxuan
thlinhtay,Tiểu Học Linh Tây,th,phuonglinhxuan
thnguyenvanlichthuduc,Tiểu Học Nguyễn Văn Lịch,th,phuonglinhxuan
thnguyenvanno,Tiểu học Nguyễn Văn Nở,th,phuonglinhxuan
thnguyenvantriet,Tiểu Học Nguyễn Văn Triết,th,phuonglinhxuan
thxuanhiep,Tiểu Học Xuân Hiệp,th,phuonglinhxuan
thcslinhtrung,THCS Linh Trung,thcs,phuonglinhxuan
thcsnguyenvanba,THCS Nguyễn Văn Bá,thcs,phuonglinhxuan
thcsxuantruong,THCS Xuân Trường,thcs,phuonglinhxuan
mnhoathuong,Mầm non Hoa Thương,mn,phuonglongbinh
mnlongbinh,Mầm non Long Bình,mn,phuonglongbinh
mnlongson,Mầm Non Long Sơn,mn,phuonglongbinh
mnlongthanhmy,Mầm non Long Thạnh Mỹ,mn,phuonglongbinh
mnsoncaq9,Mầm non Sơn Ca 2,mn,phuonglongbinh
mntauyen,Mầm Non Tạ Uyên,mn,phuonglongbinh
thlongbinh,Tiểu Học Long Bình,th,phuonglongbinh
thlongthanhmy,Tiểu Học Long Thạnh Mỹ,th,phuonglongbinh
thnguyenminhqg,Tiểu Học Nguyễn Minh Quang,th,phuonglongbinh
thtauyenq9,Tiểu Học Tạ Uyên,th,phuonglongbinh
thcshungbinh,THCS Hưng Bình,thcs,phuonglongbinh
thcslongbinh,THCS Long Bình,thcs,phuonglongbinh
mnlonghuong,Mầm non Long Hương,mn,phuonglonghuong
thlongnguyen,Tiểu học Long Nguyên,th,phuonglongnguyen
mnhongoccantptd,Mầm non Hồ Ngọc Cẩn,mn,phuonglongphuoc
mnlongphuoc,Mầm non Long Phước,mn,phuonglongphuoc
mntamdatptd,Mầm non Tam Đa,mn,phuonglongphuoc
mntruongthanh,Mầm non Trường Thạnh,mn,phuonglongphuoc
thlongphuoc,Tiểu Học Long Phước,th,phuonglongphuoc
thtruongthanh,Tiểu Học Trường Thạnh,th,phuonglongphuoc
thcslongphuoc,THCS Long Phước,thcs,phuonglongphuoc
thcstruongthanh,THCS Trường Thạnh,thcs,phuonglongphuoc
mgtuoitho,Mầm non Tuổi Thơ,mn,phuonglongtruong
mnlongtruong,Mầm non Long Trường,mn,phuonglongtruong
thphuhuu,Tiểu Học Phú Hữu,th,phuonglongtruong
thphuocthanhq9,Tiểu Học Phước Thạnh,th,phuonglongtruong
thcslongtruong,THCS Long Trường,thcs,phuonglongtruong
thcsphuhuu,THCS Phú Hữu,thcs,phuonglongtruong
mangnonminhphung,Mầm non Măng Non,mn,phuongminhphung
mn2-minhphung,Mầm non 2,mn,phuongminhphung
mnbinhminh-minhphung,Trường Mầm non Bình Minh,mn,phuongminhphung
mncattuong-minhphung,Mầm non Cát Tường,mn,phuongminhphung
soncaminhphung,Mần non Sơn Ca,mn,phuongminhphung
thaucoq11,Tiểu Học Âu Cơ,th,phuongminhphung
thdetham,Trường Tiểu học Đề Thám,th,phuongminhphung
thhungviet,Trường Tiểu Học Hưng Việt,th,phuongminhphung
thledinhchinhq11,Tiểu Học Lê Đình Chinh,th,phuongminhphung
thnguyenthiq11,Tiểu Học Nguyễn Thi,th,phuongminhphung
thphamvanhaiq11,Tiểu Học Phạm Văn Hai,th,phuongminhphung
thcshaugiangq11,THCS Hậu Giang,thcs,phuongminhphung
thcsleanhxuanq11,THCS Lê Anh Xuân,thcs,phuongminhphung
thcsnguyenminhhoang,THCS Nguyễn Minh Hoàng,thcs,phuongminhphung
mghoanganhq3,Mẫu Giáo Hoàng Anh,mn,phuongnhieuloc
mn11q3,Mầm non 11,mn,phuongnhieuloc
mn12q3,Mầm Non 12,mn,phuongnhieuloc
mn13q3,Mầm non 13,mn,phuongnhieuloc
mn14q3,Mầm non 14,mn,phuongnhieuloc
mn9q3,Mầm non 9,mn,phuongnhieuloc
thkydong,Tiểu Học Kỳ Đồng,th,phuongnhieuloc
thnguyenthiq3,Tiểu Học Nguyễn Thi,th,phuongnhieuloc
thnguyenviethong,Tiểu Học Nguyễn Việt Hồng,th,phuongnhieuloc
thtranquangdieu,Tiểu Học Trần Quang Diệu,th,phuongnhieuloc
thtranvandang,Tiểu Học Trần Văn Đang,th,phuongnhieuloc
thtruongquyen,Tiểu Học Trương Quyền,th,phuongnhieuloc
thcsbachdangq3,THCS Bạch Đằng,thcs,phuongnhieuloc
thcsdoanthidiem,THCS Đoàn Thị Điểm,thcs,phuongnhieuloc
thcsluongthevinhq3,THCS Lương Thế Vinh,thcs,phuongnhieuloc
lopmamnon-phudinh,Lớp Mầm non Phường Phú Định,mn,phuongphudinh
mnanhduongq8,TRƯỜNG MẦM NON ÁNH DƯƠNG,mn,phuongphudinh
mnbengoanq8,Trường Mầm Non Bé Ngoan - Phường Phú Định,mn,phuongphudinh
mnbonghongq8,Trường Mầm non Bông Hồng,mn,phuongphudinh
mnbongsenq8,Mầm non Bông Sen,mn,phuongphudinh
mnhoamiq8,Trường Mầm non Họa Mi,mn,phuongphudinh
mnhoaphuong,Mầm non Hoa Phượng,mn,phuongphudinh
mnkimdongq8,Mầm non Kim Đồng,mn,phuongphudinh
mnsoncaq8,Mầm non Sơn Ca,mn,phuongphudinh
mnvietmy2,TRƯỜNG MẦM NON VIỆT MỸ – PHÚ ĐỊNH,mn,phuongphudinh
thhongduc,Tiểu Học Hồng Đức,th,phuongphudinh
thluuhuuphuoc,Tiểu Học Lưu Hữu Phước,th,phuongphudinh
thlythaito,Tiểu Học Lý Thái Tổ,th,phuongphudinh
thnguyencongtru,Tiểu Học Nguyễn Công Trứ,th,phuongphudinh
thnguyennhuocthi,Tiểu Học Nguyễn Nhược Thị,th,phuongphudinh
thtrannguyenhan,Tiểu Học Trần Nguyên Hãn,th,phuongphudinh
thtuylyvuong,Tiểu Học Tuy Lý Vương,th,phuongphudinh
th-thcsvietmyq8,TH-THCS Việt Mỹ,thcs,phuongphudinh
thcsbinhdong,THCS Bình Đông,thcs,phuongphudinh
thcslelai,THCS Lê Lai,thcs,phuongphudinh
thcstungthienvuong,THCS Tùng Thiện Vương,thcs,phuongphudinh
mnrangdong12,Mầm non Rạng Đông 12,mn,phuongphulam
mnrangdong13,Mầm non Rạng Đông 13,mn,phuongphulam
mnrangdong14,Mầm non Rạng Đông 14,mn,phuongphulam
thdangnguyencan,Tiểu Học Đặng Nguyên Cẩn,th,phuongphulam
thhimlam,Tiểu Học Him Lam,th,phuongphulam
thlamsonq6,Tiểu Học Lam Sơn,th,phuongphulam
thphulam,Tiểu Học Phú Lâm,th,phuongphulam
thtruongcongdinh,Tiểu Học Trương Công Định,th,phuongphulam
thcsdoanket,THCS Đoàn Kết,thcs,phuongphulam
mnhaiaubay,Trường Mầm non Hải Âu Bay,mn,phuongphunhuan
mnsonca10,Mầm Non Sơn Ca 10,mn,phuongphunhuan
mnsonca11,Mầm non Sơn Ca 11,mn,phuongphunhuan
mnsonca12,Mầm non Sơn Ca 12,mn,phuongphunhuan
mnsonca14,Mầm non Sơn Ca 14,mn,phuongphunhuan
mnsonca17,Mầm non Sơn Ca 17,mn,phuongphunhuan
mnsonca8phunhuan,Mầm non Sơn Ca 8,mn,phuongphunhuan
thchilinh,Tiểu Học Chí Linh,th,phuongphunhuan
thdangvanngu,Tiểu Học Đặng Văn Ngữ,th,phuongphunhuan
thnguyendinhchinh,Tiểu Học Nguyễn Đình Chính,th,phuongphunhuan
thphamngocthach,Tiểu Học Phạm Ngọc Thạch,th,phuongphunhuan
thvantuong,Tiểu Học Vạn Tường,th,phuongphunhuan
thcsdaoduyanhphunhuan,THCS Đào Duy Anh,thcs,phuongphunhuan
mnbinhminh2td,Mầm non Bình Minh 2,mn,phuongphuoclong
mnhoahongdo,Mầm non Hoa Hồng Đỏ,mn,phuongphuoclong
mnhoalanq9,Mầm non Hoa Lan,mn,phuongphuoclong
mnhoasenq9,Mầm non Hoa Sen,mn,phuongphuoclong
mnkieudam,Mầm non Kiều Đàm,mn,phuongphuoclong
mnmattroiachau,Mầm non Mặt Trời Á Châu,mn,phuongphuoclong
mnphuocbinh,Mầm non Phước Bình,mn,phuongphuoclong
mnphuoclongbtptd,Mầm non Phước Long B,mn,phuongphuoclong
mnvuongquoctihon2,Mầm non Vương Quốc Tí Hon 2,mn,phuongphuoclong
thbuivanmoi,Tiểu Học Bùi Văn Mới,th,phuongphuoclong
thnguyenvanba,Tiểu Học Nguyễn Văn Bá,th,phuongphuoclong
thphamvanchinh,Tiểu học Phạm Văn Chính,th,phuongphuoclong
thphuocbinh,Tiểu Học Phước Bình,th,phuongphuoclong
thtranthibuoi,Tiểu học Trần Thị Bưởi,th,phuongphuoclong
thvovanhat,Tiểu Học Võ Văn Hát,th,phuongphuoclong
thcsdangtantai,THCS Đặng Tấn Tài,thcs,phuongphuoclong
thcsphuocbinh,THCS Phước Bình,thcs,phuongphuoclong
thphuocthang,Trường Tiểu học Phước Thắng,th,phuongphuocthang
mnhoabinhtanphu,Mầm non Hòa Bình,mn,phuongphuthanh
mnhoanganhtanphu,Mầm non Hoàng Anh,mn,phuongphuthanh
mntaohong2tanphu,TRƯỜNG MẦM NON TÁO HỒNG 2,mn,phuongphuthanh
mnthienly,Mầm non Thiên Lý,mn,phuongphuthanh
thaucotanphu,Tiểu Học Âu Cơ,th,phuongphuthanh
thduytan,Tiểu Học Duy Tân,th,phuongphuthanh
thhieptan,Tiểu Học Hiệp Tân,th,phuongphuthanh
thphanchutrinhtanphu,Tiểu Học Phan Chu Trinh,th,phuongphuthanh
thvothisautanphu,Tiểu Học Võ Thị Sáu,th,phuongphuthanh
th-thcshungvuong,TH-THCS Hùng Vương,thcs,phuongphuthanh
thcsdongkhoitanphu,THCS Đồng Khởi,thcs,phuongphuthanh
thcstanthoihoa,THCS Tân Thới Hòa,thcs,phuongphuthanh
mnhoami-phutho,Trường Mầm non Họa Mi,mn,phuongphutho
mnphutho,Mầm non 15,mn,phuongphutho
mnsaovang-phutho,Mầm non 13,mn,phuongphutho
mnsonca-phutho,Mầm non Phường 12,mn,phuongphutho
thnguyenthinho,Tiểu Học Nguyễn Thị Nhỏ,th,phuongphutho
thphutho,Tiểu học Phú Thọ,th,phuongphutho
thquyetthang,Tiểu Học Quyết Thắng,th,phuongphutho
thtrungtrac,Tiểu Học Trưng Trắc,th,phuongphutho
thcslugia,THCS Lữ Gia,thcs,phuongphutho
thcsphutho,THCS Phú Thọ,thcs,phuongphutho
mghongantanphu,Mẫu giáo Hồng Ân,mn,phuongphuthohoa
mgmaihong,Mẫu giáo Mai Hồng,mn,phuongphuthohoa
mgtuoihong,Mẫu Giáo Tuổi Hồng,mn,phuongphuthohoa
mnbongsentanphu,Mầm non Bông Sen,mn,phuongphuthohoa
mnhoaanhdaotanphu,Mầm non Hoa Anh Đào,mn,phuongphuthohoa
mnnhieuloc,Mầm non Nhiêu Lộc,mn,phuongphuthohoa
mnrangdongtanphu,Mầm non Rạng Đông,mn,phuongphuthohoa
mntrangnguyentanphu,Mầm non Trạng Nguyên,mn,phuongphuthohoa
mnvanganhtanphu,Mầm non Vàng Anh,mn,phuongphuthohoa
thlevantamtanphu,Tiểu Học Lê Văn Tám,th,phuongphuthohoa
thtanhuong,Tiểu Học Tân Hương,th,phuongphuthohoa
thtanthoi,Tiểu Học Tân Thới,th,phuongphuthohoa
thtovinhdientanphu,Tiểu Học Tô Vĩnh Diện,th,phuongphuthohoa
thcsleanhxuantanphu,THCS Lê Anh Xuân,thcs,phuongphuthohoa
thcsnguyenhuetanphu,THCS Nguyễn Huệ,thcs,phuongphuthohoa
thcsphanboichautanphu,THCS Phan Bội Châu,thcs,phuongphuthohoa
thcsvothanhtrang,THCS Võ Thành Trang,thcs,phuongphuthohoa
mnhoahongq7,Mầm non Hoa Hồng,mn,phuongphuthuan
mnphuthuan,Trường Mầm non Phú Thuận Quận 7,mn,phuongphuthuan
thleanhxuanq7,Tiểu Học Lê Anh Xuân,th,phuongphuthuan
thnguyenvanhuong,Tiểu Học Nguyễn Văn Hưởng,th,phuongphuthuan
thphuthuanq7,TH Phú Thuận,th,phuongphuthuan
thcsngotatto,THCS Ngô Tất Tố,thcs,phuongphuthuan
mgsapa,Trường mẫu giáo dân lập Sapa,mn,phuongsaigon
mn30thang4-saigon,Mầm non 30-4 Quận 1,mn,phuongsaigon
mnhoalu,Mầm non Hoa Lư,mn,phuongsaigon
mnlethirieng,Mầm non Lê Thị Riêng,mn,phuongsaigon
thhoabinh-saigon,Tiểu Học Hòa Bình,th,phuongsaigon
thnguyenbinhkhiem,Tiểu Học Nguyễn Bỉnh Khiêm,th,phuongsaigon
thcsvotruongtoan,THCS Võ Trường Toản,thcs,phuongsaigon
mgmaikhoithuduc,Mẫu Giáo Mai Khôi,mn,phuongtambinh
mnbinhchieu,Mầm non Bình Chiểu,mn,phuongtambinh
mnhoamaithuduc,Mầm non Hoa Mai,mn,phuongtambinh
mnhoami,Mầm non Họa Mi 3,mn,phuongtambinh
mntambinh,Mầm non Tam Bình,mn,phuongtambinh
mntamphu,Mầm non Tam Phú,mn,phuongtambinh
thbinhchieu,Tiểu Học Bình Chiểu,th,phuongtambinh
thnguyenvantay,TH Nguyễn Văn Tây,th,phuongtambinh
thtambinh,Tiểu Học Tam Bình,th,phuongtambinh
ththaivanlung1,Tiểu Học Thái Văn Lung,th,phuongtambinh
thtranvanvan,TIỂU HỌC TRẦN VĂN VÂN,th,phuongtambinh
thtruongvanhai,Tiểu Học Trương Văn Hải,th,phuongtambinh
thcsbinhchieu,THCS Bình Chiểu,thcs,phuongtambinh
thcsduongvanthi,THCS Dương Văn Thì,thcs,phuongtambinh
thcstambinh,THCS Tam Bình,thcs,phuongtambinh
thcsthaivanlung,Trường THCS Thái Văn Lung,thcs,phuongtambinh
mnvietmy-tamthang,Trường Mầm non Việt Mỹ,mn,phuongtamthang
thsongnguvungtau,Trường Tiểu học Song ngữ Vũng Tàu,th,phuongtamthang
mnbengoan-tandinh,Mầm non Bé Ngoan,mn,phuongtandinh
mntandinh,Mầm non Tân Định,mn,phuongtandinh
thdinhtienhoangptandinh,Tiểu Học Đinh Tiên Hoàng,th,phuongtandinh
thduocsong,Tiểu Học Đuốc Sống,th,phuongtandinh
thtrankhanhdu,Tiểu Học Trần Khánh Dư,th,phuongtandinh
th-thcstandinh,TRƯỜNG TIỂU HỌC - TRUNG HỌC CƠ SỞ TÂN ĐỊNH,thcs,phuongtandinh
thcshuynhkhuongninh,THCS Huỳnh Khương Ninh,thcs,phuongtandinh
thcstranvanon,THCS Trần Văn Ơn,thcs,phuongtandinh
thbuithixuan,Trường Tiểu học Bùi Thị Xuân,th,phuongtandonghiep
thdongan,Trường Tiểu học Đông An,th,phuongtandonghiep
thtanbinh-tandonghiep,Trường Tiểu học Tân Bình,th,phuongtandonghiep
thcstanbinh-tandonghiep,Trường THCS Tân Bình,thcs,phuongtandonghiep
thcstandonghiepb,Trường THCS Tân Đông Hiệp B,thcs,phuongtandonghiep
mnhiepphu,Mầm non Hiệp Phú,mn,phuongtangnhonphu
mnhoangyenq9,Mầm non Hoàng Yến 2,mn,phuongtangnhonphu
mnphongphu,Mầm non Phong Phú,mn,phuongtangnhonphu
mntangnhonphu,Trường Mầm non Tăng Nhơn Phú,mn,phuongtangnhonphu
mntanphu,Mầm non Tân Phú,mn,phuongtangnhonphu
mntuoihoaq9,Mầm non Tuổi Hoa,mn,phuongtangnhonphu
mntuoihongq9,Mầm non Tuổi Hồng,mn,phuongtangnhonphu
mntuoingocq9,Mầm non Tuổi Ngọc,mn,phuongtangnhonphu
mnvanganhq9,Mầm non Vàng Anh,mn,phuongtangnhonphu
thdinhtienhoangq9,Trường Tiểu Học Đinh Tiên Hoàng,th,phuongtangnhonphu
thhiepphu,Tiểu Học Hiệp Phú,th,phuongtangnhonphu
thlevanviet,Tiểu Học Lê Văn Việt,th,phuongtangnhonphu
thphongphuq9,Tiểu Học Phong Phú,th,phuongtangnhonphu
thtanphuq9,Tiểu Học Tân Phú,th,phuongtangnhonphu
thtruongvanthanh,Tiểu Học Trương Văn Thành,th,phuongtangnhonphu
thcshiepphu,THCS Hiệp Phú,thcs,phuongtangnhonphu
thcshoaluq9,THCS Hoa Lư,thcs,phuongtangnhonphu
thcstangnhonphub,THCS Tăng Nhơn Phú B,thcs,phuongtangnhonphu
thcstanphuq9,THCS Tân Phú,thcs,phuongtangnhonphu
thtrungvuong,Trường tiểu học Trưng Vương,th,phuongtanhai
honglamq12,Mầm non Hồng Lam,mn,phuongtanhoa
mn6tanbinh,Mầm non 6,mn,phuongtanhoa
mn8tanbinh,Mầm non 8,mn,phuongtanhoa
mn9tanbinh,Mầm non 9,mn,phuongtanhoa
mnsoncatb,Mầm non Sơn Ca,mn,phuongtanhoa
thchilangtanbinh,Tiểu Học Chi Lăng,th,phuongtanhoa
thdongdatanbinh,Tiểu Học Đống Đa,th,phuongtanhoa
thhungvuongtb,Tiểu học Hùng Vương,th,phuongtanhoa
thngochoi,Tiểu Học Ngọc Hồi,th,phuongtanhoa
thtranvanontanbinh,Tiểu Học Trần Văn Ơn,th,phuongtanhoa
thcslythuongkiet-tanhoa,THCS Lý Thường Kiệt,thcs,phuongtanhoa
thcsmacdinhchitb,THCS Mạc Đĩnh Chi,thcs,phuongtanhoa
thcsnguyengiathieu,THCS Nguyễn Gia Thiều,thcs,phuongtanhoa
thcsphamngocthach,THCS Phạm Ngọc Thạch,thcs,phuongtanhoa
thcsquangtrungtanbinh,THCS Quang Trung,thcs,phuongtanhoa
thcstranvandang,THCS Trần Văn Đang,thcs,phuongtanhoa
mntanhung,Mầm non Tân Hưng,mn,phuongtanhung
mntankieng,Mầm non Tân Kiểng,mn,phuongtanhung
mntanphong,Mầm non Tân Phong,mn,phuongtanhung
mntanphong2,Mầm Non Tân Phong 2,mn,phuongtanhung
mntanquy,Mầm non Tân Quy,mn,phuongtanhung
thluongthevinhq7,Tiểu Học Lương Thế Vinh,th,phuongtanhung
thtanhungq7,Tiểu Học Tân Hưng,th,phuongtanhung
thtanquyq7,Tiểu Học Tân Quy,th,phuongtanhung
thvothisauq7,Tiểu Học Võ Thị Sáu,th,phuongtanhung
thcsnguyenhuutho,THCS Nguyễn Hữu Thọ,thcs,phuongtanhung
thcsnguyenthithap,THCS Nguyễn Thị Thập,thcs,phuongtanhung
thcstranquoctuan,THCS Trần Quốc Tuấn,thcs,phuongtanhung
thtanvinhhiepa,Trường Tiểu học Tân Vĩnh Hiệp A,th,phuongtankhanh
mgtacroi,Mẫu Giáo Tắc Rỗi,mn,phuongtanmy
mnnamsaigon,Mầm non Nam Sài Gòn,mn,phuongtanmy
mnnucuoi,Mầm non Nụ Cười,mn,phuongtanmy
mnphumy,Mầm non Phú Mỹ,mn,phuongtanmy
mntanphuq7,Mầm non Tân Phú,mn,phuongtanmy
mnvuonnang,Mầm non Vườn Nắng,mn,phuongtanmy
thdinhbolinh,Trường Tiểu học Đinh Bộ Lĩnh,th,phuongtanmy
thlevantamq7,Tiểu Học Lê Văn Tám,th,phuongtanmy
thphamhuulau,TH Phạm Hữu Lầu,th,phuongtanmy
thphumy,Tiểu Học Phú Mỹ,th,phuongtanmy
thcshoangquocviet,THCS Hoàng Quốc Việt,thcs,phuongtanmy
thcsphamhuulau,THCS Phạm Hữu Lầu,thcs,phuongtanmy
mnhuongduongtanphu,Mầm non Hướng Dương,mn,phuongtanphu
mnphuonghongtanphu,Mầm non Phượng Hồng,mn,phuongtanphu
mnquynhanh,Mầm non Quỳnh Anh,mn,phuongtanphu
thhovancuong,Tiểu Học Hồ Văn Cường,th,phuongtanphu
thhuynhvanchinh,Tiểu Học Huỳnh Văn Chính,th,phuongtanphu
thlethanhtongtanphu,Tiểu học Lê Thánh Tông,th,phuongtanphu
thtanhoa,Tiểu Học Tân Hóa,th,phuongtanphu
thcshoangdieu,THCS Hoàng Diệu,thcs,phuongtanphu
thcsnguyentraitanphu,THCS Nguyễn Trãi,thcs,phuongtanphu
thcsthoaingochau,THCS Thoại Ngọc Hầu,thcs,phuongtanphu
mn15tanbinh,Mầm non 15,mn,phuongtanson
thnguyenvankip,Tiểu Học Nguyễn Văn Kịp,th,phuongtanson
thphanhuyich,Tiểu học Phan Huy Ích,th,phuongtanson
thtantru,Tiểu Học Tân Trụ,th,phuongtanson
mn1tanbinh,Mầm non 1,mn,phuongtansonhoa
mn2tanbinh,Mầm non 2,mn,phuongtansonhoa
mn3tanbinh,Mầm non 3,mn,phuongtansonhoa
mnkimdongtanbinh,Mầm non Kim Đồng,mn,phuongtansonhoa
thbinhgia,Tiểu Học Bình Giã,th,phuongtansonhoa
thlevansi,Tiểu Học Lê Văn Sĩ,th,phuongtansonhoa
thnguyenthanhtuyentanbinh,Tiểu Học Nguyễn Thanh Tuyền,th,phuongtansonhoa
thcsngosilien,THCS Ngô Sĩ Liên,thcs,phuongtansonhoa
mgbonghongtanbinh,Mẫu Giáo Bông Hồng,mn,phuongtansonnhat
mn4tanbinh,Mầm non 4,mn,phuongtansonnhat
mn5tanbinh,Mầm non 5,mn,phuongtansonnhat
mn7tanbinh,Mầm non 7,mn,phuongtansonnhat
mntanbinh,Mầm non Quận,mn,phuongtansonnhat
mntansonnhat,Mầm non Tân Sơn Nhất,mn,phuongtansonnhat
mntuoixanh,Mầm non Tuổi Xanh,mn,phuongtansonnhat
thbanhvantran,Tiểu Học Bành Văn Trân,th,phuongtansonnhat
thhoangvanthutanbinh,Tiểu Học Hoàng Văn Thụ,th,phuongtansonnhat
thphamvanhaitanbinh,Tiểu Học Phạm Văn Hai,th,phuongtansonnhat
thtansonnhat,Tiểu Học Tân Sơn Nhất,th,phuongtansonnhat
thcsaulac,THCS Âu Lạc,thcs,phuongtansonnhat
thcstanbinh,THCS Tân Bình,thcs,phuongtansonnhat
banmaitp,Mầm non Ban Mai,mn,phuongtansonnhi
mnabctanphu,Mầm non ABC,mn,phuongtansonnhi
mnaty,Mầm Non ATY,mn,phuongtansonnhi
mncattuongtanphu,Mầm non Cát Tường,mn,phuongtansonnhi
mnhoalantanphu,Mầm non Hoa Lan,mn,phuongtansonnhi
mnmisatanphu,Mầm non Misa,mn,phuongtansonnhi
mnthuytientanphu,Mầm non Thủy Tiên,mn,phuongtansonnhi
thdinhbolinhtp,TH Đinh Bộ Lĩnh,th,phuongtansonnhi
thdoanthidiemtanphu,Tiểu Học Đoàn Thị Điểm,th,phuongtansonnhi
thtansonnhi,Tiểu Học Tân Sơn Nhì,th,phuongtansonnhi
thcsdangtrancon,THCS Đặng Trần Côn,thcs,phuongtansonnhi
thcstonthattungtanphu,THCS Tôn Thất Tùng,thcs,phuongtansonnhi
thcstranquangkhaitanphu,THCS Trần Quang Khải,thcs,phuongtansonnhi
mncatdangbt,Mầm non Cát Đằng,mn,phuongtantao
mnhongngoc,Mầm non Hồng Ngọc,mn,phuongtantao
mntantao,Mầm non Tân Tạo,mn,phuongtantao
mntantao1,Trường MN Tân Tạo 1,mn,phuongtantao
mntantaoa,MN Tân Tạo A,mn,phuongtantao
mnthientue,Mầm non Thiên Tuế,mn,phuongtantao
thbinhtan,Tiểu Học Bình Tân,th,phuongtantao
thlequydonbt,Tiểu học Lê Quý Đôn,th,phuongtantao
thtantaoa,Tiểu Học Tân Tạo A,th,phuongtantao
thcstantaoa,THCS Tân Tạo A,thcs,phuongtantao
mghoami2q12,Trường Mầm non Hoạ Mi 2,mn,phuongtanthoihiep
mnhoadao12,Mầm non Hoa Đào,mn,phuongtanthoihiep
mnhoaphonglanq12,Mầm non Hoa Phong Lan,mn,phuongtanthoihiep
mnsaomai2q12,Mầm non Sao Mai 2,mn,phuongtanthoihiep
mnsonca6,Mầm non Sơn Ca 6,mn,phuongtanthoihiep
mnvanganhq12,Mầm non Vàng Anh,mn,phuongtanthoihiep
thlevantho,Tiểu Học Lê Văn Thọ,th,phuongtanthoihiep
thnguyenthaibinhq12,Tiểu Học Nguyễn Thái Bình,th,phuongtanthoihiep
thnguyentrai,Tiểu Học Nguyễn Trãi,th,phuongtanthoihiep
thvothisauq12,Tiểu học Võ Thị Sáu,th,phuongtanthoihiep
thcsnguyenchithanh,THCS Nguyễn Chí Thanh,thcs,phuongtanthoihiep
thcsnguyenhienq12,THCS Nguyễn Hiền,thcs,phuongtanthoihiep
thcsnguyenhueq12,THCS Nguyễn Huệ,thcs,phuongtanthoihiep
mn19thang5q7,Mầm non 19-5 Quận 7,mn,phuongtanthuan
mnbinhthuanq7,Mầm non Bình Thuận,mn,phuongtanthuan
mnkhuchexuattanthuan,MN Khu chế xuất Tân Thuận,mn,phuongtanthuan
mntanthuantayq7,MN Tân Thuận Tây,mn,phuongtanthuan
thdangthuytram,Tiểu Học Đặng Thùy Trâm,th,phuongtanthuan
thkimdongq7,Tiểu Học Kim Đồng,th,phuongtanthuan
thnguyenthidinhq7,Tiểu Học Nguyễn Thị Định,th,phuongtanthuan
thcshuynhtanphat,THCS Huỳnh Tấn Phát,thcs,phuongtanthuan
thcsnguyenhienq7,THCS Nguyễn Hiền,thcs,phuongtanthuan
thtanlap-tanuyen,Trường Tiểu Học Tân Lập,th,phuongtanuyen
mnhoahongtanphu,Mầm non Hoa Hồng,mn,phuongtaythanh
mnthienantanphu,Mầm non Thiên Ân,mn,phuongtaythanh
thlelai,Tiểu Học Lê Lai,th,phuongtaythanh
thcsleloitanphu,THCS Lê Lợi,thcs,phuongtaythanh
mn21binhthanh,Mầm non 21,mn,phuongthanhmytay
mncuulong,Trường Mầm Non Cửu Long,mn,phuongthanhmytay
mnmyduc,Mầm non Mỹ Đức,mn,phuongthanhmytay
mntmt,TRƯỜNG MN THẠNH MỸ TÂY,mn,phuongthanhmytay
thcuulong,Tiểu Học Cửu Long,th,phuongthanhmytay
thdongdabinhthanh,Tiểu Học Đống Đa,th,phuongthanhmytay
thphudongtmt,Tiểu Học Phù Đổng,th,phuongthanhmytay
ththanhmytay,Tiểu Học Thạnh Mỹ Tây,th,phuongthanhmytay
thcscuulong,THCS Cửu Long,thcs,phuongthanhmytay
thcsdongda,THCS Đống Đa,thcs,phuongthanhmytay
thcsphumy,THCS Phú Mỹ,thcs,phuongthanhmytay
mnhoadoquyenq12,Mầm non Hoa Đỗ Quyên,mn,phuongthoian
mnhoami1q12,Mầm non Hoạ Mi 1,mn,phuongthoian
mnhongyen,Mầm non Hồng Yến,mn,phuongthoian
mnmaivangq12,Mầm non Mai Vàng,mn,phuongthoian
mnsonca2q12,Mầm non Sơn Ca 2,mn,phuongthoian
mnsonca9,Mầm non Sơn Ca 9,mn,phuongthoian
thkimdongq12,Tiểu Học Kim Đồng,th,phuongthoian
thnguyenvanthe,Tiểu Học Nguyễn Văn Thệ,th,phuongthoian
thquoixuan,Tiểu Học Quới Xuân,th,phuongthoian
thtranquoctoanq12,Tiểu học Trần Quốc Toản,th,phuongthoian
thcsluongthevinhq12,THCS Lương Thế Vinh,thcs,phuongthoian
thcsnguyentrungtruc,THCS Nguyễn Trung Trực,thcs,phuongthoian
thcstongocvanq12,THCS Tô Ngọc Vân,thcs,phuongthoian
mnhanhthongtay,Mầm non Hạnh Thông Tây,mn,phuongthongtayhoi
mnhuongsengovap,Mầm non Hương Sen,mn,phuongthongtayhoi
mnvanganhgovap,Mầm non Vàng Anh,mn,phuongthongtayhoi
thanhoi,Tiểu Học An Hội,th,phuongthongtayhoi
thchilanggovap,Tiểu Học Chi Lăng,th,phuongthongtayhoi
thluongthevinhgovap,Tiểu Học Lương Thế Vinh,th,phuongthongtayhoi
thnguyenthiminhkhaigovap,Tiểu học Nguyễn Thị Minh Khai,th,phuongthongtayhoi
th-thcsvietmygovap,TH-THCS Việt Mỹ,thcs,phuongthongtayhoi
thcsnguyendugovap,THCS Nguyễn Du,thcs,phuongthongtayhoi
thcsphamvanchieu,THCS Phạm Văn Chiêu,thcs,phuongthongtayhoi
thcsthongtayhoi,THCS Thông Tây Hội,thcs,phuongthongtayhoi
mamnonthuanan,Trường Mầm non Thuận An,mn,phuongthuanan
thhungdinh,Trường Tiểu học Hưng Định,th,phuongthuanan
thlytutrong-thuanan,Trường Tiểu học Lý Tự Trọng,th,phuongthuanan
ththuanan,Tiểu học Thuận An,th,phuongthuanan
thbinhchuan,Trường Tiểu học Bình Chuẩn,th,phuongthuangiao
thbinhchuan3,Trường Tiểu học Bình Chuẩn 3,th,phuongthuangiao
thbinhquoi-thuangiao,Trường TH Bình Quới,th,phuongthuangiao
ththuangiao,Trường Tiểu học Thuận Giao,th,phuongthuangiao
ththuangiao2,Trường Tiểu học Thuận Giao 2,th,phuongthuangiao
tieuhocbinhquoi,Trường Tiểu học Bình Quới,th,phuongthuangiao
mnbinhtho,Mầm non Bình Thọ,mn,phuongthuduc
mnhonganthuduc,Mầm non Hồng Ân,mn,phuongthuduc
mnsaovang,Trường Mầm non Sao Vàng,mn,phuongthuduc
mntruongtho,Mầm non Trường Thọ,mn,phuongthuduc
mnvanhkhuyenthuduc,Trường Mầm non Vành Khuyên 3,mn,phuongthuduc
thlinhchieu,Tiểu học Linh Chiểu,th,phuongthuduc
thluongthevinhthuduc,Tiểu Học Lương Thế Vinh,th,phuongthuduc
thnguyentrungtruc,Tiểu học Nguyễn Trung Trực,th,phuongthuduc
thnguyenvanbanh,Tiểu Học Nguyễn Văn Banh,th,phuongthuduc
thtuduc,Tiểu Học Từ Đức,th,phuongthuduc
thcsbinhtho,THCS Bình Thọ,thcs,phuongthuduc
thcslequydonthuduc,THCS Lê Qúy Đôn,thcs,phuongthuduc
thcslevanviet,THCS Lê Văn Việt,thcs,phuongthuduc
thcstruongtho,THCS Trường Thọ,thcs,phuongthuduc
thcstruongvanngu,THCS Trương Văn Ngư,thcs,phuongthuduc
mnsonca4q12,Mầm non Sơn Ca 4,mn,phuongtrungmytay
mnsonca5q12,Mầm non Sơn Ca 5,mn,phuongtrungmytay
thhovanthanh,Tiểu Học Hồ Văn Thanh,th,phuongtrungmytay
thquangtrung,Tiểu Học Quang Trung,th,phuongtrungmytay
thtranqgcoq12,Tiểu Học Trần Quang Cơ,th,phuongtrungmytay
thvietau,Tiểu học Việt Âu,th,phuongtrungmytay
thvovantanq12,Tiểu Học Võ Văn Tần,th,phuongtrungmytay
thcsnguyenanninh,THCS Nguyễn An Ninh,thcs,phuongtrungmytay
thcstranquangkhaiq12,THCS Trần Quang Khải,thcs,phuongtrungmytay
mnvietmy-vungtau,Trường Mầm non Việt Mỹ,mn,phuongvungtau
thvietanh-vungtau,Tiểu học Việt Anh,th,phuongvungtau
thcsvungtau,Trường THCS Vũng Tàu,thcs,phuongvungtau
mnanhduong-vuonlai,Mầm non Phường 9,mn,phuongvuonlai
mnmangnon3,Mầm non Măng Non III,mn,phuongvuonlai
mnnangxanh,Mầm non Phường 3,mn,phuongvuonlai
mnsaomai-vuonlai,Mầm non Phường 1,mn,phuongvuonlai
mntuoitho-vuonlai,Mầm non Phường 2,mn,phuongvuonlai
thdienbien,Tiểu Học Điện Biên,th,phuongvuonlai
thhothiky,Tiểu Học Hồ Thị Kỷ,th,phuongvuonlai
thnhattaoq10,Tiểu Học Nhật Tảo,th,phuongvuonlai
thtrannhantonq10,Tiểu Học Trần Nhân Tôn,th,phuongvuonlai
thtranqgcoq10,Tiểu học Trần Quang Cơ,th,phuongvuonlai
thtruongdinhq10,Tiểu Học Trương Định,th,phuongvuonlai
thcshoangvanthu,THCS Hoàng Văn Thụ,thcs,phuongvuonlai
mn12q4,Mầm non 12 Quận 4,mn,phuongxomchieu
mn15q4,Mầm non 15 Quận 4,mn,phuongxomchieu
mnbanmai,Mầm non Ban Mai,mn,phuongxomchieu
mnbcsaomai13,"Trường​ Mầm non Sao Mai 13, Phường Xóm Chiếu",mn,phuongxomchieu
mnsaomai12q4,Mầm non Sao Mai 12,mn,phuongxomchieu
thbachdangq4,Tiểu Học Bạch Đằng,th,phuongxomchieu
thbencang,Tiểu Học Bến Cảng,th,phuongxomchieu
thdinhbolinhq4,Trường Tiểu học Đinh Bộ Lĩnh,th,phuongxomchieu
thnguyenthaibinhq4,Tiểu Học NGUYỄN THÁI BÌNH,th,phuongxomchieu
thnguyentruongto,Tiểu Học Nguyễn Trường Tộ,th,phuongxomchieu
thxomchieu,Tiểu Học Xóm Chiếu,th,phuongxomchieu
thcskhanhhoi,THCS Khánh Hội,thcs,phuongxomchieu
thcstangbatho,Trường Trung Học Cơ Sở TĂNG BẠT HỔ,thcs,phuongxomchieu
thcsvandon,THCS Vân Đồn,thcs,phuongxomchieu
mgmaianhq3,TRƯỜNG MẪU GIÁO MAI ANH,mn,phuongxuanhoa
mn6q3,Mầm non 6,mn,phuongxuanhoa
mn7q3,Mầm non 7,mn,phuongxuanhoa
mn8-xuanhoa,Mầm non 8,mn,phuongxuanhoa
mnhoamaiq3,Mầm non Hoa Mai,mn,phuongxuanhoa
mnsuongmaiq3,Mầm non Sương Mai,mn,phuongxuanhoa
mnthienphuoc,Mầm non tư thục Thiên Phước,mn,phuongxuanhoa
mntreemtoancaumgk,Mầm non Trẻ Em Toàn Cầu,mn,phuongxuanhoa
mntuoitho7,Mầm non Tuổi Thơ 7,mn,phuongxuanhoa
mntuoitho8,Mầm Non Tuổi Thơ 8,mn,phuongxuanhoa
mnxuanhoa,Mầm non Xuân Hòa,mn,phuongxuanhoa
thmelinh,Tiểu Học Mê Linh,th,phuongxuanhoa
thnguyenthaison,Tiểu Học Nguyễn Thái Sơn,th,phuongxuanhoa
thnguyenthanhtuyenq3,Tiểu Học Nguyễn Thanh Tuyền,th,phuongxuanhoa
thtranquocthao,Tiểu Học Trần Quốc Thảo,th,phuongxuanhoa
thcscolette,THCS Colette,thcs,phuongxuanhoa
thcshaibatrungq3,THCS Hai Bà Trưng,thcs,phuongxuanhoa
thcsleloiq3,THCS Lê Lợi,thcs,phuongxuanhoa
thcslequydonq3,THCS Lê Quý Đôn Quận 3,thcs,phuongxuanhoa
mnannhontay,Mầm non An Nhơn Tây,mn,xaannhontay
mnanphucuchi,Mầm non An Phú,mn,xaannhontay
mnhoangminhdao,Mầm non Hoàng Minh Đạo,mn,xaannhontay
thannhondong,Tiểu Học An Nhơn Đông,th,xaannhontay
thannhontay,Tiểu Học An Nhơn Tây,th,xaannhontay
thanphu1,Tiểu Học An Phú 1,th,xaannhontay
thanphu2,Tiểu Học An Phú 2,th,xaannhontay
thphumyhung,Tiểu Học Phú Mỹ Hưng,th,xaannhontay
thcsannhontay,THCS An Nhơn Tây,thcs,xaannhontay
thcsanphucuchi,THCS An Phú,thcs,xaannhontay
thcsphumyhung,THCS Phú Mỹ Hưng,thcs,xaannhontay
mganthoidong,Mầm Non An Thới Đông,mn,xaanthoidong
mglynhon,MẦM NON LÝ NHƠN,mn,xaanthoidong
mndoilau,Mầm non Doi Lầu,mn,xaanthoidong
thanthoidong,Tiểu Học An Thới Đông,th,xaanthoidong
thdoilau,Tiểu Học Doi Lầu,th,xaanthoidong
thlynhoncangio,Tiểu học Lý Nhơn,th,xaanthoidong
thvamsat,Tiểu Học Vàm Sát,th,xaanthoidong
thcsanthoidong,THCS An Thới Đông,thcs,xaanthoidong
thcsdoilau,THCS Doi Lầu,thcs,xaanthoidong
thcslynhon,THCS Lý Nhơn,thcs,xaanthoidong
mgbongsen1,Trường Mẫu Giáo Bông Sen 1,mn,xabadiem
mnbadiem,Mầm non Bà Điểm,mn,xabadiem
mnbengoan3,Mầm non Bé Ngoan 3,mn,xabadiem
mnkhaitri,Mầm non Khai Trí,mn,xabadiem
mnthienduc,Mầm non tư thục Thiên Đức,mn,xabadiem
mnxuanthoithuong,Mầm non Xuân Thới Thượng,mn,xabadiem
thbuivanngu,Tiểu Học Bùi Văn Ngữ,th,xabadiem
thmyhue,Tiểu Học Mỹ Huề,th,xabadiem
thnamkykhoinghia,Tiểu Học Nam Kỳ Khởi Nghĩa,th,xabadiem
thngabagiong,Tiểu Học Ngã Ba Giòng,th,xabadiem
thtaybaclan,Tiểu Học Tây Bắc Lân,th,xabadiem
thxuanthoithuong,Tiểu Học Xuân Thới Thượng,th,xabadiem
thcsbuivanthu,THCS Bùi Văn Thủ,thcs,xabadiem
thcshahuytaphm,THCS Trung Mỹ Tây 1,thcs,xabadiem
thcsnguyenvanbua,THCS Nguyễn Văn Bứa,thcs,xabadiem
thcsphanconghon,THCS Phan Công Hớn,thcs,xabadiem
thcsxuanthoithuong,THCS Xuân Thới Thượng,thcs,xabadiem
thlaiuyen,Trường Tiểu học Lai Uyên,th,xabaubang
mgtamthonhiep,Mầm non Tam Thôn Hiệp,mn,xabinhkhanh
mnbinhancangio,Mầm non Bình An,mn,xabinhkhanh
mnbinhkhanh,Mầm Non Bình Khánh,mn,xabinhkhanh
thannghia,Tiểu Học An Nghĩa,th,xabinhkhanh
thbinhkhanh,Tiểu Học Bình Khánh,th,xabinhkhanh
thbinhmy,Tiểu Học Bình Mỹ,th,xabinhkhanh
thbinhphuoc,Tiểu Học Bình Phước,th,xabinhkhanh
thbinhthanh,Tiểu Học Bình Thạnh,th,xabinhkhanh
thtamthonhiep,Tiểu Học Tam Thôn Hiệp,th,xabinhkhanh
thcsbinhkhanh,THCS Bình Khánh,thcs,xabinhkhanh
thcstamthonhiep,THCS Tam Thôn Hiệp,thcs,xabinhkhanh
mnbinhmy,Mầm non Bình Mỹ,mn,xabinhmy
mnhoaphu,Mầm non Hòa Phú,mn,xabinhmy
mntrungan1,Mầm non Trung An 1,mn,xabinhmy
mntrungan2,Mầm non Trung An 2,mn,xabinhmy
mntuoingoccuchi,Mầm non Tuổi Ngọc,mn,xabinhmy
thbinhmy2,Tiểu Học Bình Mỹ 2,th,xabinhmy
thbinhmycuchi,Tiểu Học Bình Mỹ,th,xabinhmy
thhoaphu,Tiểu học Hòa Phú,th,xabinhmy
thtrungan,Tiểu học Trung An,th,xabinhmy
thcsbinhhoa,THCS Bình Hòa,thcs,xabinhmy
thcshoaphu,THCS Hòa Phú,thcs,xabinhmy
thcstrungan,THCS Trung An,thcs,xabinhmy
dongtranhcg,Mầm non Đồng Tranh,mn,xacangio
mglonghoa,Mẫu Giáo Long Hoà,mn,xacangio
mncanthanh,Mầm non Cần Thạnh,mn,xacangio
mncanthanh2,Trường Mầm Non Cần Thạnh 2,mn,xacangio
thcanthanh,Tiểu Học Cần Thạnh,th,xacangio
thcanthanh2,Tiểu học Cần Thạnh 2,th,xacangio
thdonghoa,Tiểu Học Đồng Hòa,th,xacangio
thhoahiep,Tiểu Học Hoà Hiệp,th,xacangio
thlongthanh,Tiểu Học Long Thạnh,th,xacangio
thcscanthanh,THCS Cần Thạnh,thcs,xacangio
thcslonghoa,THCS Long Hoà,thcs,xacangio
thcstoctien-chaupha,Trường THCS Tóc Tiên,thcs,xachaupha
mnphuocvinhan,Mầm non Phước Vĩnh An,mn,xacuchi
mntanphutrung1,Mầm non Tân Phú Trung 1,mn,xacuchi
mntanphutrung2,Mầm non Tân Phú Trung 2,mn,xacuchi
mntanthonghoi1,Mầm non Tân Thông Hội 1,mn,xacuchi
mntanthonghoi2,Mầm non Tân Thông Hội 2,mn,xacuchi
mntanthonghoi3,Mầm non Tân Thông Hội 3,mn,xacuchi
mntanthonghoi4,Mầm non Tân Thông Hội 4,mn,xacuchi
mnttthanhdanh,Mầm non tư thục Thành Danh,mn,xacuchi
thnguyenthilang,Tiểu học Nguyễn Thị Lắng,th,xacuchi
thphanvankhai,Tiểu học Phan Văn Khải,th,xacuchi
thphuocvinhan,Tiểu Học Phước Vĩnh An,th,xacuchi
thtanphucuchi,Tiểu Học Tân Phú,th,xacuchi
thtanphutrung,Tiểu Học Tân Phú Trung,th,xacuchi
thtanthonghoi,Tiểu Học Tân Thông Hội,th,xacuchi
thtantien,Tiểu học Tân Tiến,th,xacuchi
thtranvancham,Tiểu Học Trần Văn Chẩm,th,xacuchi
thcscuchi,THCS Tân Phú Trung,thcs,xacuchi
thcsphuocvinhan,THCS Phước Vĩnh An,thcs,xacuchi
thcstanthonghoi,THCS Tân Thông Hội,thcs,xacuchi
thcstantien,THCS Tân Tiến,thcs,xacuchi
thcsthitrancuchi,TRƯỜNG THCS THỊ TRẤN,thcs,xacuchi
ththanhan,Tiểu Học Thạnh An,th,xadaothanhan
mgsonca3,Mầm non Sơn Ca 3,mn,xadongthanh
mn2thang9hocmon,Mầm non 2 tháng 9,mn,xadongthanh
mnbongsenhocmon,Mầm non Bông Sen,mn,xadongthanh
mnsoncahocmon,Mầm non Sơn Ca,mn,xadongthanh
th-thcstrinhthidoi,Tiểu Học Tam Đông,th,xadongthanh
thhoanghoatham,Tiểu Học Hoàng Hoa Thám,th,xadongthanh
thnguyenthinuoi,Tiểu Học Nguyễn Thị Nuôi,th,xadongthanh
thtamdong2,Tiểu học Tam Đông 2,th,xadongthanh
ththoitam,Tiểu Học Thới Tam,th,xadongthanh
ththoithanh,Tiểu Học Thới Thạnh,th,xadongthanh
thtranvandanh,Tiểu Học Trần Văn Danh,th,xadongthanh
thvovanthang,Tiểu Học Võ Văn Thặng,th,xadongthanh
thcsdangcongbinh,THCS Đặng Công Bỉnh,thcs,xadongthanh
thcsdangthucvinh,THCS Đặng Thúc Vịnh,thcs,xadongthanh
thcsdongthanh,THCS Đông Thạnh,thcs,xadongthanh
thcsphandangluu-tamdong,THCS Tam Đông 1,thcs,xadongthanh
mndongxanh,Mầm non Đồng Xanh,mn,xahiepphuoc
mnhuongduongnhabe,Mầm non Hướng Dương,mn,xahiepphuoc
mnsaomainhabe,Mầm non Sao Mai,mn,xahiepphuoc
mntuoihoanb,Mầm non Tuổi Hoa,mn,xahiepphuoc
thduongvanlich,Tiểu Học Dương Văn Lịch,th,xahiepphuoc
thleloinhabe,Tiểu Học Lê Lợi,th,xahiepphuoc
thlevanluong,Tiểu học Lê Văn Lương,th,xahiepphuoc
thnguyenvantao,Tiểu học Nguyễn Văn Tạo,th,xahiepphuoc
thtrangtankhuong,Tiểu Học Trang Tấn Khương,th,xahiepphuoc
thcshaibatrungnhabe,THCS Hai Bà Trưng,thcs,xahiepphuoc
thcshiepphuoc,THCS Hiệp Phước,thcs,xahiepphuoc
mn23thang11hocmon,Mầm non 23 tháng 11,mn,xahocmon
mnbengoan1,TRƯỜNG MẦM NON BÉ NGOAN 1,mn,xahocmon
mnbengoanhocmon,Mầm non Bé Ngoan,mn,xahocmon
mnminhduc,Mầm non Minh Đức,mn,xahocmon
mnmyhoa,Mầm non Mỹ Hòa,mn,xahocmon
mntanhiep,Mầm non Tân Hiệp,mn,xahocmon
mntanhoa,Mầm non Tân Hòa,mn,xahocmon
mntanxuan,Mầm non Tân Xuân,mn,xahocmon
thapdinh,Tiểu Học Ấp Đình,th,xahocmon
thcauxanghocmon,Tiểu Học Cầu Xáng,th,xahocmon
thmyhoa,Tiểu Học Mỹ Hòa,th,xahocmon
thnguyenanninh,Tiểu Học Nguyễn An Ninh,th,xahocmon
thtanhiep,Tiểu Học Tân Hiệp,th,xahocmon
thtruongvanngai,Tiểu Học Trương Văn Ngài,th,xahocmon
thcsdovanday,THCS Đỗ Văn Dậy,thcs,xahocmon
thcsnguyenankhuong,THCS Nguyễn An Khương,thcs,xahocmon
thcsnguyenthiminhkhai,THCS Thị Trấn,thcs,xahocmon
thcstoky,THCS Tô Ký,thcs,xahocmon
mndaphuocbc,Mầm non Đa Phước,mn,xahunglong
mnngoclanbinhchanh,Mầm non Ngọc Lan,mn,xahunglong
mnphonglanbinhchanh,Mầm non Phong Lan,mn,xahunglong
mnquynhanhbc,Mầm non Quỳnh Anh,mn,xahunglong
thhunglong,Tiểu Học Hưng Long,th,xahunglong
thnguyenvantran,Tiểu Học Nguyễn Văn Trân,th,xahunglong
thquiduc,Trường Tiểu Học Qui Đức,th,xahunglong
thrachgiabc,Tiểu học Rạch Già,th,xahunglong
thcsdaphuoc,THCS Đa Phước,thcs,xahunglong
thcshunglong,THCS Hưng Long,thcs,xahunglong
thcsquiduc,THCS Qui Đức,thcs,xahunglong
mamnontuoingoc,Trường Mầm non Tuổi Ngọc,mn,xakimlong
chuongnhophuclongnb,Mầm non Chú Ong Nhỏ Phúc Long,mn,xanhabe
mnhoaminhabe,Mầm non Hoạ Mi,mn,xanhabe
mnmanonnhabe,Mầm non Mạ Non,mn,xanhabe
mnnhabe,Trường Mầm non Nhà Bè,mn,xanhabe
mnphuxuan,Trường Mầm non Phú Xuân,mn,xanhabe
mnvanganh,Mầm non Vàng Anh,mn,xanhabe
mnvanhkhuyennhabe,Mầm non Vành Khuyên,mn,xanhabe
saovietnb,Trường Mầm Non Sao Việt Nhà Bè,mn,xanhabe
thbuithanhkhiet,Tiểu Học Bùi Thanh Khiết,th,xanhabe
thbuivanba,Tiểu Học Bùi Văn Ba,th,xanhabe
thlamvanben,Tiểu Học Lâm Văn Bền,th,xanhabe
thlequangdinh,Tiểu Học Lê Quang Định,th,xanhabe
thnguyenbinh,Tiểu Học Nguyễn Bình,th,xanhabe
thnguyenhongthe,Tiểu học Nguyễn Hồng Thế,th,xanhabe
thnguyentrucnhabe,Tiểu Học Nguyễn Trực,th,xanhabe
thnguyenviethongnhabe,Tiểu học Nguyễn Việt Hồng,th,xanhabe
thtauyennhabe,Tiểu Học Tạ Uyên,th,xanhabe
thtranthingochan,Tiểu Học Trần Thị Ngọc Hân,th,xanhabe
thcslethanhcong,THCS Lê Thành Công,thcs,xanhabe
thcslevanhuu,THCS Lê Văn Hưu,thcs,xanhabe
thcsnguyenbinhkhiemnhabe,THCS Nguyễn Bỉnh Khiêm,thcs,xanhabe
thcsnguyenthihuong,THCS Nguyễn Thị Hương,thcs,xanhabe
thcsnguyenvanquy,THCS Nguyễn Văn Quỳ,thcs,xanhabe
thcsphuocloc,THCS Phước Lộc,thcs,xanhabe
mnnhuanduc,Mầm non Nhuận Đức,mn,xanhuanduc
mnphamvancoi1,Mầm non Phạm Văn Cội 1,mn,xanhuanduc
mnphamvancoi2,Mầm non Phạm Văn Cội 2,mn,xanhuanduc
mntrunglapha,Mầm non Trung Lập Hạ,mn,xanhuanduc
thlevanthe,Tiểu Học Lê Văn Thế,th,xanhuanduc
thnhuanduc,Tiểu Học Nhuận Đức,th,xanhuanduc
thnhuanduc2,Trường Tiểu Học Nhuận Đức 2,th,xanhuanduc
thphamvancoi,Tiểu Học Phạm Văn Cội,th,xanhuanduc
thtrunglapha,Tiểu Học Trung Lập Hạ,th,xanhuanduc
thcsnhuanduc,THCS Nhuận Đức,thcs,xanhuanduc
thcstrunglapha,THCS Trung Lập Hạ,thcs,xanhuanduc
mnphuochiep,Mầm non Phước Hiệp,mn,xatananhoi
mntananhoi1,Mầm non Tân An Hội 1,mn,xatananhoi
mntananhoi2,Mầm non Tân An Hội 2,mn,xatananhoi
mntaybac,Mầm non Tây Bắc,mn,xatananhoi
mnthitrancuchi1,Mầm non Thị Trấn Củ Chi 1,mn,xatananhoi
mnthitrancuchi2,Mầm non Thị Trấn Củ Chi 2,mn,xatananhoi
mnthitrancuchi3,Mầm non Thị Trấn Củ Chi 3,mn,xatananhoi
ndtekhuyettatcuchi,Nuôi dạy Trẻ em Khuyết Tật Củ Chi,th,xatananhoi
thhuynhvanco,Tiểu học Huỳnh Văn Cọ,th,xatananhoi
thlethipha,Tiểu Học Lê Thị Pha,th,xatananhoi
thnguyenthiranh,TH Nguyễn Thị Rành,th,xatananhoi
thnguyenvanlichcuchi,Tiểu Học Nguyễn Văn Lịch,th,xatananhoi
thphuochiep,Tiểu Học Phước Hiệp,th,xatananhoi
thtanthanh,Tiểu Học Tân Thành,th,xatananhoi
ththitran2,Tiểu Học Thị Trấn 2,th,xatananhoi
ththitrancuchi,Tiểu Học Thị Trấn Củ Chi,th,xatananhoi
thcsphuochiep,THCS Phước Hiệp,thcs,xatananhoi
thcstananhoi,THCS Tân An Hội,thcs,xatananhoi
thcsthitran2,THCS Thị Trấn 2,thcs,xatananhoi
mnbabybinhchanh,Mầm non BaBy,mn,xatannhut
mnhoaanhdaobinhchanh,Mầm non Hoa Anh Đào,mn,xatannhut
mnhoanganh2bc,Mầm non Hoàng Anh 2,mn,xatannhut
mnhoanganhbinhchanh,Mầm non Hoàng Anh,mn,xatannhut
thluongthevinhbc,TH Lương Thế Vinh,th,xatannhut
thnguyencuuphu,Tiểu học Nguyễn Cữu Phú,th,xatannhut
thtankien,Tiểu Học Tân Kiên,th,xatannhut
thtannhut,Tiểu Học Tân Nhựt,th,xatannhut
thtannhut6,Tiểu Học Tân Nhựt 6,th,xatannhut
thtantuc,Tiểu Học Tân Túc,th,xatannhut
thtantuc2,Trường Tiểu học Tân Túc 2,th,xatannhut
thcsnguyenhuutri,THCS Nguyễn Hữu Trí,thcs,xatannhut
thcstankien,THCS Tân Kiên,thcs,xatannhut
thcstannhut,THCS Tân Nhựt,thcs,xatannhut
thcstantuc,THCS Tân Túc,thcs,xatannhut
mn30thang4binhchanh,Mầm non 30 tháng 4,mn,xatanvinhloc
mnhoathienly1,Mầm non Hoa Thiên Lý 1,mn,xatanvinhloc
mnhoathienly2,MN Hoa Thiên Lý 2,mn,xatanvinhloc
mnhoathienlybinhchanh,Mầm non Hoa Thiên Lý,mn,xatanvinhloc
mnquynhhuong2,Mầm non Quỳnh Hương 2,mn,xatanvinhloc
mnquynhhuongbinhchanh,Mầm non Quỳnh Hương,mn,xatanvinhloc
thanha,Tiểu Học An Hạ,th,xatanvinhloc
thlaihungcuong,Trường Tiểu Học Lại Hùng Cường,th,xatanvinhloc
thphamvanhaibinhchanh,Tiểu Học Phạm Văn Hai,th,xatanvinhloc
thtranquoctoanbinhchanh,Tiểu Học Trần Quốc Toản,th,xatanvinhloc
thvinhlocb,Tiểu Học Vĩnh Lộc B,th,xatanvinhloc
thvovanvan,Tiểu Học Võ Văn Vân,th,xatanvinhloc
thcsphamvanhai,THCS Phạm Văn Hai,thcs,xatanvinhloc
thcsvinhlocb,THCS Vĩnh Lộc B,thcs,xatanvinhloc
thcsvovanvan,THCS Võ Văn Vân,thcs,xatanvinhloc
mnphuocthanh,Mầm non Phước Thạnh,mn,xathaimy
mnthaimy,Mầm non Thái Mỹ,mn,xathaimy
mntrunglapthuong,Mầm non Trung Lập Thượng,mn,xathaimy
mntuongvicuchi,TRƯỜNG MẦM NON TƯỜNG VI,mn,xathaimy
thanphuoc,Tiểu Học An Phước,th,xathaimy
thphuocthanhcuchi,Tiểu Học Phước Thạnh,th,xathaimy
ththaimy,Tiểu Học Thái Mỹ,th,xathaimy
thtrunglapthuong,Tiểu học Trung Lập Thượng,th,xathaimy
th-thcstrunglapthuong,TH-THCS Trung Lập Thượng,thcs,xathaimy
thcsnguyenvanxo,THCS Nguyễn Văn Xơ,thcs,xathaimy
thcsphuocthanh,THCS Phước Thạnh,thcs,xathaimy
mnthanhancangio,Mầm non Thạnh An,mn,xathanhan
mn19thang8,Mầm non 19 tháng 8,mn,xaxuanthoison
mncuchoami,Mầm non Cúc Họa Mi,mn,xaxuanthoison
mnhuongduonghocmon,Mầm non Hướng Dương,mn,xaxuanthoison
mnnhixuan,Mầm non Nhị Xuân,mn,xaxuanthoison
mnrangdonghocmon,TRƯỜNG MẦM NON TƯ THỤC RẠNG ĐÔNG,mn,xaxuanthoison
mnxuanthoidong,Mầm non Xuân Thới Đông,mn,xaxuanthoison
thduongcongkhi,Tiểu Học Dương Công Khi,th,xaxuanthoison
thlevanphien,Tiểu học Lê Văn Phiên,th,xaxuanthoison
thlychinhthang2,Tiểu Học Lý Chính Thắng 2,th,xaxuanthoison
thnhitan,Tiểu Học Nhị Tân,th,xaxuanthoison
thnhixuan,Tiểu Học Nhị Xuân,th,xaxuanthoison
thtanxuan,Tiểu Học Tân Xuân,th,xaxuanthoison
thtranvanmuoi,Tiểu Học Trần Văn Mười,th,xaxuanthoison
th-thcstauyen,Trường TH-THCS Tạ Uyên,thcs,xaxuanthoison
thcslychinhthang1,THCS Lý ChÍnh Thắng 1,thcs,xaxuanthoison
thcsnguyenhongdao,THCS Nguyễn Hồng Đào,thcs,xaxuanthoison
thcstanxuan,THCS Tân Xuân,thcs,xaxuanthoison
